http://www.ikea.com/us/en/catalog/products/20137945/,ABSORB,Leathercare set,http://www.ikea.com/us/en/images/products/absorb-leathercare-set__0371548_PE551104_S4.JPG,14.99,Secondary storage,20137945
http://www.ikea.com/us/en/catalog/products/10219178/,ADDE,"Chair, white",http://www.ikea.com/us/en/images/products/adde-chair-white__0174114_PE328020_S4.JPG,12.50,Dining,10219178
http://www.ikea.com/us/en/catalog/products/90214285/,ADDE,"Chair, black",http://www.ikea.com/us/en/images/products/adde-chair-black__0174112_PE328016_S4.JPG,12.50,Dining,90214285
http://www.ikea.com/us/en/catalog/products/90298713/,ADMETE,"Chair pad, natural",http://www.ikea.com/us/en/images/products/admete-chair-pad-beige__76700_PE197113_S4.JPG,7.99,Textiles & Rugs,90298713
http://www.ikea.com/us/en/catalog/products/70253541/,AGAM,"Junior chair, black",http://www.ikea.com/us/en/images/products/agam-junior-chair-black__0192154_PE346344_S4.JPG,39.99,Children's IKEA,70253541
http://www.ikea.com/us/en/catalog/products/90253535/,AGAM,"Junior chair, white",http://www.ikea.com/us/en/images/products/agam-junior-chair-white__0192152_PE346336_S4.JPG,39.99,Children's IKEA,90253535
http://www.ikea.com/us/en/catalog/products/50058376/,AGEN,"Armchair, rattan, bamboo",http://www.ikea.com/us/en/images/products/agen-armchair__31428_PE120743_S4.JPG,39.99,Living room,50058376
http://www.ikea.com/us/en/catalog/products/00264864/,AGGERSUND,"Shower curtain, gray, white",http://www.ikea.com/us/en/images/products/aggersund-shower-curtain-gray__0373027_PE553028_S4.JPG,9.99,Bathroom,00264864
http://www.ikea.com/us/en/catalog/products/30264867/,AGGERSUND,"Shower curtain, blue, white",http://www.ikea.com/us/en/images/products/aggersund-shower-curtain-white__0373026_PE553029_S4.JPG,9.99,Bathroom,30264867
http://www.ikea.com/us/en/catalog/products/90280911/,AINA,"Curtains, 1 pair, dark gray",http://www.ikea.com/us/en/images/products/aina-curtains-pair-gray__0285042_PE422174_S4.JPG,59.99,Living room,90280911
http://www.ikea.com/us/en/catalog/products/10284201/,AINA,"Curtains, 1 pair, white",http://www.ikea.com/us/en/images/products/aina-curtains-pair-white__0100607_PE167885_S4.JPG,59.99,Living room,10284201
http://www.ikea.com/us/en/catalog/products/30284200/,AINA,"Curtains, 1 pair, beige",http://www.ikea.com/us/en/images/products/aina-curtains-pair-beige__0285047_PE422177_S4.JPG,59.99,Living room,30284200
http://www.ikea.com/us/en/catalog/products/90284202/,AINA,"Curtains, 1 pair, gray",http://www.ikea.com/us/en/images/products/aina-curtains-pair-gray__0285052_PE422180_S4.JPG,59.99,Living room,90284202
http://www.ikea.com/us/en/catalog/products/70029123/,AINA,"Fabric, bleached white",http://www.ikea.com/us/en/images/products/aina-fabric-white__23348_PE108137_S4.JPG,7.99,Living room,70029123
http://www.ikea.com/us/en/catalog/products/90159887/,AINA,"Fabric, gray",http://www.ikea.com/us/en/images/products/aina-fabric-gray__0096780_PE236864_S4.JPG,7.99,Living room,90159887
http://www.ikea.com/us/en/catalog/products/30196944/,AINA,"Fabric, natural",http://www.ikea.com/us/en/images/products/aina-fabric-beige__0116895_PE272418_S4.JPG,7.99,Living room,30196944
http://www.ikea.com/us/en/catalog/products/20234908/,AKTAD,"Cake stand with lid, red",http://www.ikea.com/us/en/images/products/aktad-cake-stand-with-lid-red__0208972_PE362662_S4.JPG,14.99,Eating,20234908
http://www.ikea.com/us/en/catalog/products/20239425/,AKUT,"3-piece kitchen utensil set, black",http://www.ikea.com/us/en/images/products/akut-piece-kitchen-utensil-set-black__0150759_PE308804_S4.JPG,0.79,Cooking,20239425
http://www.ikea.com/us/en/catalog/products/00176042/,ALÄNG,"Ceiling lamp, white",http://www.ikea.com/us/en/images/products/alang-ceiling-lamp-white__0120130_PE276557_S4.JPG,29.99,Living room,00176042
http://www.ikea.com/us/en/catalog/products/40176035/,ALÄNG,"Ceiling lamp, white",http://www.ikea.com/us/en/images/products/alang-ceiling-lamp-white__0120131_PE276558_S4.JPG,44.99,Living room,40176035
http://www.ikea.com/us/en/catalog/products/10175711/,ALÄNG,"Wall lamp, nickel plated, white",http://www.ikea.com/us/en/images/products/alang-wall-lamp-white__0114600_PE267178_S4.JPG,22.99,Living room,10175711
http://www.ikea.com/us/en/catalog/products/80277872/,ALBERGET,Carpet protector         19.99,http://www.ikea.com/us/en/images/products/alberget-carpet-protector__0385001_PE557911_S4.JPG,16.99,Office furniture,80277872
http://www.ikea.com/us/en/catalog/products/20301549/,ALDERN,"Countertop, bamboo",http://www.ikea.com/us/en/images/products/aldern-countertop__0333847_PE523309_S4.JPG,80.00,Bathroom,20301549
http://www.ikea.com/us/en/catalog/products/30301544/,ALDERN,"Countertop, bamboo",http://www.ikea.com/us/en/images/products/aldern-countertop__0333826_PE523304_S4.JPG,100.00,Bathroom,30301544
http://www.ikea.com/us/en/catalog/products/60301547/,ALDERN,"Countertop, bamboo",http://www.ikea.com/us/en/images/products/aldern-countertop__0333843_PE523308_S4.JPG,120.00,Bathroom,60301547
http://www.ikea.com/us/en/catalog/products/80301546/,ALDERN,"Countertop, bamboo",http://www.ikea.com/us/en/images/products/aldern-countertop__0333838_PE523307_S4.JPG,110.00,Bathroom,80301546
http://www.ikea.com/us/en/catalog/products/80301551/,ALDERN,"Countertop, bamboo",http://www.ikea.com/us/en/images/products/aldern-countertop__0333851_PE523310_S4.JPG,90.00,Bathroom,80301551
http://www.ikea.com/us/en/catalog/products/60257945/,ALESKÄR,"Kitchen faucet, with side spray, chrome-plated/black",http://www.ikea.com/us/en/images/products/aleskar-kitchen-faucet__0202617_PE358959_S4.JPG,279.00,Kitchen & appliances,60257945
http://www.ikea.com/us/en/catalog/products/20260718/,ALEX,"Add-on unit, white",http://www.ikea.com/us/en/images/products/alex-add-on-unit-white__0242197_PE381723_S4.JPG,39.99,Office furniture,20260718
http://www.ikea.com/us/en/catalog/products/40260717/,ALEX,"Desk, white",http://www.ikea.com/us/en/images/products/alex-desk-white__0242202_PE381724_S4.JPG,169.00,Office furniture,40260717
http://www.ikea.com/us/en/catalog/products/20291121/,ALEX,"Drawer unit/drop file storage, white",http://www.ikea.com/us/en/images/products/alex-drawer-unit-drop-file-storage-white__0377858_PE554184_S4.JPG,89.00,Office furniture,20291121
http://www.ikea.com/us/en/catalog/products/50255287/,ALEX,"Drawer unit, black-brown",http://www.ikea.com/us/en/images/products/alex-drawer-unit-brown__0268927_PE412876_S4.JPG,79.00,Office furniture,50255287
http://www.ikea.com/us/en/catalog/products/50264927/,ALEX,"Drawer unit on casters, gray",http://www.ikea.com/us/en/images/products/alex-drawer-unit-on-casters-gray__0242205_PE381726_S4.JPG,119.00,Office furniture,50264927
http://www.ikea.com/us/en/catalog/products/50192822/,ALEX,"Drawer unit with 9 drawers, white",http://www.ikea.com/us/en/images/products/alex-drawer-unit-with-drawers-white__0085835_PE213729_S4.JPG,129.00,Office furniture,50192822
http://www.ikea.com/us/en/catalog/products/S59165249/,ALGOT,"Wall upright, shelf and basket, white",http://www.ikea.com/us/en/images/products/algot-wall-upright-shelf-and-basket-white__0330991_PE520959_S4.JPG,194.00,Bedroom,59165249
http://www.ikea.com/us/en/catalog/products/S99094207/,ALGOT,"Wall upright, shelf and basket, white",http://www.ikea.com/us/en/images/products/algot-wall-upright-shelf-and-basket-white__0330991_PE520959_S4.JPG,194.00,Kitchen & appliances,99094207
http://www.ikea.com/us/en/catalog/products/S29094201/,ALGOT,"Wall upright, shelf and hook, metal white",http://www.ikea.com/us/en/images/products/algot-wall-upright-shelf-and-hook-white__0330976_PE520971_S4.JPG,67.00,Bedroom,29094201
http://www.ikea.com/us/en/catalog/products/S19094206/,ALGOT,"Wall upright, shelf and hook, white",http://www.ikea.com/us/en/images/products/algot-wall-upright-shelf-and-hook-white__0330995_PE520955_S4.JPG,85.00,Bedroom,19094206
http://www.ikea.com/us/en/catalog/products/S19094211/,ALGOT,"Wall upright, shelf and hook, white",http://www.ikea.com/us/en/images/products/algot-wall-upright-shelf-and-hook-white__0330987_PE520961_S4.JPG,148.00,Bedroom,19094211
http://www.ikea.com/us/en/catalog/products/S89094203/,ALGOT,"Wall upright, shelf and triple hook, white",http://www.ikea.com/us/en/images/products/algot-wall-upright-shelf-and-triple-hook-white__0330982_PE520969_S4.JPG,127.00,Bedroom,89094203
http://www.ikea.com/us/en/catalog/products/S19929631/,ALGOT,"Wall upright/shelves, white",http://www.ikea.com/us/en/images/products/algot-wall-upright-shelves-white__0182567_PE334178_S4.JPG,135.00,Living room,19929631
http://www.ikea.com/us/en/catalog/products/S59094209/,ALGOT,"Wall upright/shelves, metal white",http://www.ikea.com/us/en/images/products/algot-wall-upright-shelves-white__0330984_PE520964_S4.JPG,88.00,Bedroom,59094209
http://www.ikea.com/us/en/catalog/products/S19932271/,ALGOT,"Wall upright and basket, white",http://www.ikea.com/us/en/images/products/algot-wall-upright-and-basket-white__0317015_PE515905_S4.JPG,25.00,Bedroom,19932271
http://www.ikea.com/us/en/catalog/products/30259314/,ALHEDE,"Rug, high pile, brown         179.00",http://www.ikea.com/us/en/images/products/alhede-rug-high-pile-brown__0190687_PE344211_S4.JPG,139.00,Living room,30259314
http://www.ikea.com/us/en/catalog/products/20198255/,ALHEDE,"Rug, high pile, black         179.00",http://www.ikea.com/us/en/images/products/alhede-rug-high-pile-black__0134117_PE289993_S4.JPG,139.00,Living room,20198255
http://www.ikea.com/us/en/catalog/products/70222521/,ALHEDE,"Rug, high pile, off-white         179.00",http://www.ikea.com/us/en/images/products/alhede-rug-high-pile-white__0134116_PE289992_S4.JPG,139.00,Living room,70222521
http://www.ikea.com/us/en/catalog/products/30162637/,ALINA,"Bedspread and cushion cover, white",http://www.ikea.com/us/en/images/products/alina-bedspread-and-cushion-cover-white__0419049_PE576036_S4.JPG,49.99,Bedroom,30162637
http://www.ikea.com/us/en/catalog/products/80162649/,ALINA,"Bedspread and cushion cover, dark gray",http://www.ikea.com/us/en/images/products/alina-bedspread-and-cushion-cover-gray__0419068_PE576055_S4.JPG,49.99,Bedroom,80162649
http://www.ikea.com/us/en/catalog/products/50240502/,ALKALISK,Alkaline battery,http://www.ikea.com/us/en/images/products/alkalisk-alkaline-battery__0178581_PE331580_S4.JPG,1.99,Lighting,50240502
http://www.ikea.com/us/en/catalog/products/80240505/,ALKALISK,Alkaline battery,http://www.ikea.com/us/en/images/products/alkalisk-alkaline-battery__0178580_PE331581_S4.JPG,2.99,Lighting,80240505
http://www.ikea.com/us/en/catalog/products/20031604/,ALKALISK,Alkaline battery,http://www.ikea.com/us/en/images/products/alkalisk-alkaline-battery__0115779_PE269542_S4.JPG,1.99,Lighting,20031604
http://www.ikea.com/us/en/catalog/products/30233550/,ALLEHANDA,"Mixing bowl with lid, green",http://www.ikea.com/us/en/images/products/allehanda-mixing-bowl-with-lid-green__0208975_PE362681_S4.JPG,9.99,Cooking,30233550
http://www.ikea.com/us/en/catalog/products/50233549/,ALLEHANDA,"Mixing bowl with lid, green",http://www.ikea.com/us/en/images/products/allehanda-mixing-bowl-with-lid-green__0208977_PE362670_S4.JPG,12.99,Cooking,50233549
http://www.ikea.com/us/en/catalog/products/00240651/,ALMSTED,"Rug, low pile, off-white handmade off-white",http://www.ikea.com/us/en/images/products/almsted-rug-low-pile-white__0148717_PE307125_S4.JPG,299.00,Living room,00240651
http://www.ikea.com/us/en/catalog/products/20282758/,ALOE VERA,Potted plant,http://www.ikea.com/us/en/images/products/aloe-vera-potted-plant__0173210_PE327299_S4.JPG,3.99,Outdoor,20282758
http://www.ikea.com/us/en/catalog/products/20210894/,ALRIK,"Swivel chair, red",http://www.ikea.com/us/en/images/products/alrik-swivel-chair-red__0133276_PE288666_S4.JPG,21.99,Office furniture,20210894
http://www.ikea.com/us/en/catalog/products/20033919/,ALSEDA,"Stool, banana fiber",http://www.ikea.com/us/en/images/products/alseda-stool__24302_PE089431_S4.JPG,29.99,Living room,20033919
http://www.ikea.com/us/en/catalog/products/20159678/,ALVINE,"Rug, flatwoven, pink handmade pink, multicolor",http://www.ikea.com/us/en/images/products/alvine-rug-flatwoven-pink__0096768_PE236852_S4.JPG,249.00,Living room,20159678
http://www.ikea.com/us/en/catalog/products/40314678/,ALVINE,"Rug, flatwoven, handmade gray",http://www.ikea.com/us/en/images/products/alvine-rug-flatwoven-gray__0397243_PE562651_S4.JPG,249.00,Living room,40314678
http://www.ikea.com/us/en/catalog/products/20112011/,ALVINE SPETS,"Lace curtains, 1 pair, off-white",http://www.ikea.com/us/en/images/products/alvine-spets-lace-curtains-pair-white__0099780_PE242082_S4.JPG,12.99,Living room,20112011
http://www.ikea.com/us/en/catalog/products/60258412/,ALVINE STRÅ,"Duvet cover and pillowcase(s), blue",http://www.ikea.com/us/en/images/products/alvine-stra-duvet-cover-and-pillowcase-s-blue__0409497_PE569794_S4.JPG,39.99,Bedroom,60258412
http://www.ikea.com/us/en/catalog/products/50172621/,ALVINE STRÅ,"Duvet cover and pillowcase(s), brown",http://www.ikea.com/us/en/images/products/alvine-stra-duvet-cover-and-pillowcase-s-brown__0409532_PE569829_S4.JPG,39.99,Bedroom,50172621
http://www.ikea.com/us/en/catalog/products/00174627/,AMMERÖ,"Storage bench, outdoor, dark brown",http://www.ikea.com/us/en/images/products/ammero-storage-bench-outdoor-brown__0116368_PE270934_S4.JPG,139.00,Outdoor,00174627
http://www.ikea.com/us/en/catalog/products/00318112/,ANANAS,Potted plant,http://www.ikea.com/us/en/images/products/ananas-potted-plant__0146318_PE305310_S4.JPG,12.99,Outdoor,00318112
http://www.ikea.com/us/en/catalog/products/50314319/,ANDFISKÅ,"Bed riser, black",http://www.ikea.com/us/en/images/products/andfiska-bed-riser-black__0393189_PE560371_S4.JPG,4.49,Bedroom,50314319
http://www.ikea.com/us/en/catalog/products/90121762/,ANEBODA,"Wardrobe, white",http://www.ikea.com/us/en/images/products/aneboda-wardrobe-white__71928_PE187560_S4.JPG,99.99,Bedroom,90121762
http://www.ikea.com/us/en/catalog/products/20308107/,ANNIKEN,"Fabric, white/green, pink",http://www.ikea.com/us/en/images/products/anniken-fabric-pink__0372175_PE552137_S4.JPG,4.99,Living room,20308107
http://www.ikea.com/us/en/catalog/products/90207402/,ANNONS,"5-piece cookware set, glass, stainless steel",http://www.ikea.com/us/en/images/products/annons-piece-cookware-set__43510_PE139263_S4.JPG,9.99,Cooking,90207402
http://www.ikea.com/us/en/catalog/products/70119072/,ANNO SANELA,"Panel curtain, beige",http://www.ikea.com/us/en/images/products/anno-sanela-panel-curtain-beige__0092394_PE232624_S4.JPG,14.99,Living room,70119072
http://www.ikea.com/us/en/catalog/products/80317887/,ANNO SANELA,"Panel curtain, lilac",http://www.ikea.com/us/en/images/products/anno-sanela-panel-curtain-lilac__0369046_PE549673_S4.JPG,14.99,Living room,80317887
http://www.ikea.com/us/en/catalog/products/70317883/,ANNO SANELA,"Panel curtain, blue",http://www.ikea.com/us/en/images/products/anno-sanela-panel-curtain-blue__0369045_PE549674_S4.JPG,14.99,Living room,70317883
http://www.ikea.com/us/en/catalog/products/30251515/,ANNVY,"Chair pad, green",http://www.ikea.com/us/en/images/products/annvy-chair-pad-green__0190937_PE344479_S4.JPG,2.99,Textiles & Rugs,30251515
http://www.ikea.com/us/en/catalog/products/50288339/,ANSLUTA,"Electronic transformer, white",http://www.ikea.com/us/en/images/products/ansluta-electronic-transformer-white__0312036_PE429689_S4.JPG,30.00,Kitchen & appliances,50288339
http://www.ikea.com/us/en/catalog/products/70288338/,ANSLUTA,"Electronic transformer, white",http://www.ikea.com/us/en/images/products/ansluta-electronic-transformer-white__0312034_PE429688_S4.JPG,25.00,Living room,70288338
http://www.ikea.com/us/en/catalog/products/60119925/,ANSLUTA,Intermediate connection cord,http://www.ikea.com/us/en/images/products/ansluta-intermediate-connection-cord__72836_PE189046_S4.JPG,5.00,Living room,60119925
http://www.ikea.com/us/en/catalog/products/30121411/,ANSLUTA,Power supply cord,http://www.ikea.com/us/en/images/products/ansluta-power-supply-cord__77429_PE199012_S4.JPG,5.00,Living room,30121411
http://www.ikea.com/us/en/catalog/products/80288328/,ANSLUTA,"Remote control, white",http://www.ikea.com/us/en/images/products/ansluta-remote-control-white__0178865_PE331687_S4.JPG,14.99,Bedroom,80288328
http://www.ikea.com/us/en/catalog/products/20233961/,ANTAGEN,"Dishwashing brush, assorted colors",http://www.ikea.com/us/en/images/products/antagen-dishwashing-brush-assorted-colors__0208978_PE362671_S4.JPG,0.49,Cooking,20233961
http://www.ikea.com/us/en/catalog/products/50197570/,ANTILOP,"Highchair tray, white",http://www.ikea.com/us/en/images/products/antilop-highchair-tray-white__36001_PE126862_S4.JPG,5.00,Children's IKEA,50197570
http://www.ikea.com/us/en/catalog/products/S79046142/,ANTILOP,"Highchair with safety belt, white, silver color",http://www.ikea.com/us/en/images/products/antilop-highchair-with-safety-belt-white__0168182_PE322024_S4.JPG,14.99,Children's IKEA,79046142
http://www.ikea.com/us/en/catalog/products/S79067506/,ANTILOP,"Highchair with tray, silver color",http://www.ikea.com/us/en/images/products/antilop-highchair-with-tray__0339304_PE527619_S4.JPG,19.99,Children's IKEA,79067506
http://www.ikea.com/us/en/catalog/products/50043573/,ANTONIUS,"Basket insert, clear",http://www.ikea.com/us/en/images/products/antonius-basket-insert-white__09445_PE085944_S4.JPG,3.00,Secondary storage,50043573
http://www.ikea.com/us/en/catalog/products/S19876454/,ANTONIUS,"Frame and wire baskets, white",http://www.ikea.com/us/en/images/products/antonius-frame-and-wire-baskets-white__0111451_PE262319_S4.JPG,19.99,Secondary storage,19876454
http://www.ikea.com/us/en/catalog/products/10177630/,ANTONIUS,"Frame, white",http://www.ikea.com/us/en/images/products/antonius-frame-white__0180830_PE264706_S4.JPG,9.99,Secondary storage,10177630
http://www.ikea.com/us/en/catalog/products/10177606/,ANTONIUS,"Wire basket, white",http://www.ikea.com/us/en/images/products/antonius-wire-basket-white__0106983_PE256435_S4.JPG,2.50,Secondary storage,10177606
http://www.ikea.com/us/en/catalog/products/80302206/,APELVIKEN,"Shelf unit, green-blue",http://www.ikea.com/us/en/images/products/apelviken-shelf-unit-blue__0351472_PE538369_S4.JPG,49.00,Living room,80302206
http://www.ikea.com/us/en/catalog/products/00233429/,APTITLIG,"Butcher block, bamboo",http://www.ikea.com/us/en/images/products/aptitlig-butcher-block__0193879_PE349444_S4.JPG,14.99,Cooking,00233429
http://www.ikea.com/us/en/catalog/products/60233426/,APTITLIG,"Chopping board, bamboo",http://www.ikea.com/us/en/images/products/aptitlig-chopping-board__0193880_PE349445_S4.JPG,4.99,Cooking,60233426
http://www.ikea.com/us/en/catalog/products/80233430/,APTITLIG,"Chopping board, bamboo",http://www.ikea.com/us/en/images/products/aptitlig-chopping-board__0193881_PE349446_S4.JPG,7.99,Cooking,80233430
http://www.ikea.com/us/en/catalog/products/70143406/,ARHOLMA,"Seat pad, outdoor, beige",http://www.ikea.com/us/en/images/products/arholma-seat-pad-outdoor-beige__0090440_PE224377_S4.JPG,30.00,Outdoor,70143406
http://www.ikea.com/us/en/catalog/products/00148695/,ARÖD,"Floor/reading lamp, gray",http://www.ikea.com/us/en/images/products/arod-floor-reading-lamp-gray__0134379_PE290496_S4.JPG,54.99,Living room,00148695
http://www.ikea.com/us/en/catalog/products/60148701/,ARÖD,"Work lamp, gray",http://www.ikea.com/us/en/images/products/arod-work-lamp-gray__0134378_PE290495_S4.JPG,39.99,Office furniture,60148701
http://www.ikea.com/us/en/catalog/products/90204012/,ARVIKA,"Footstool, Grann black",http://www.ikea.com/us/en/images/products/arvika-footstool-black__0117717_PE272914_S4.JPG,199.00,Living room,90204012
http://www.ikea.com/us/en/catalog/products/00203998/,ARVIKA,"Swivel chair, Grann black",http://www.ikea.com/us/en/images/products/arvika-swivel-chair-black__0117716_PE272913_S4.JPG,499.00,Living room,00203998
http://www.ikea.com/us/en/catalog/products/S59053925/,ASKHOLMEN,"Flower box with trellis, outdoor, gray-brown stained",http://www.ikea.com/us/en/images/products/askholmen-flower-box-with-trellis-outdoor__0311268_PE513350_S4.JPG,49.99,Outdoor,59053925
http://www.ikea.com/us/en/catalog/products/S29930059/,ASKHOLMEN,"Table+2 chairs, outdoor, gray, brown stained",http://www.ikea.com/us/en/images/products/askholmen-table-chairs-outdoor-gray__0283318_PE420683_S4.JPG,59.99,Outdoor,29930059
http://www.ikea.com/us/en/catalog/products/57145296/,ASPEKT,"Knife sharpener, black",http://www.ikea.com/us/en/images/products/aspekt-knife-sharpener-black__75038_PE192705_S4.JPG,4.79,Cooking,57145296
http://www.ikea.com/us/en/catalog/products/90056021/,ATLANT,Waste strainer,http://www.ikea.com/us/en/images/products/atlant-waste-strainer__13063_PE092022_S4.JPG,6.99,Kitchen & appliances,90056021
http://www.ikea.com/us/en/catalog/products/50138750/,ATTEST,"Knob, stainless steel color",http://www.ikea.com/us/en/images/products/attest-knob-gray__81916_PE207196_S4.JPG,4.99,Living room,50138750
http://www.ikea.com/us/en/catalog/products/40258045/,AVDALA,"Bookcase, white",http://www.ikea.com/us/en/images/products/avdala-bookcase-white__0368931_PE552012_S4.JPG,19.99,Living room,40258045
http://www.ikea.com/us/en/catalog/products/40281654/,AVSKILD,"Place mat, cork",http://www.ikea.com/us/en/images/products/avskild-place-mat__0246661_PE385573_S4.JPG,3.99,Textiles & Rugs,40281654
http://www.ikea.com/us/en/catalog/products/50282672/,AXAG,"Pillow, firmer",http://www.ikea.com/us/en/images/products/axag-pillow-firmer__0310411_PE407234_S4.JPG,3.49,Bedroom,50282672
http://www.ikea.com/us/en/catalog/products/30282673/,AXAG,"Pillow, softer",http://www.ikea.com/us/en/images/products/axag-pillow-softer__0311331_PE407238_S4.JPG,3.49,Bedroom,30282673
http://www.ikea.com/us/en/catalog/products/50224210/,ÅDERBLAD,"Panel curtain, white, white",http://www.ikea.com/us/en/images/products/aderblad-panel-curtain-white__0173007_PE327141_S4.JPG,16.99,Living room,50224210
http://www.ikea.com/us/en/catalog/products/50230664/,ÅDUM,"Rug, high pile, lilac",http://www.ikea.com/us/en/images/products/adum-rug-high-pile-lilac__0185543_PE337550_S4.JPG,59.99,Living room,50230664
http://www.ikea.com/us/en/catalog/products/70259265/,ÅDUM,"Rug, high pile, bright red",http://www.ikea.com/us/en/images/products/adum-rug-high-pile-red__0185533_PE337544_S4.JPG,59.99,Living room,70259265
http://www.ikea.com/us/en/catalog/products/90230662/,ÅDUM,"Rug, high pile, light brown",http://www.ikea.com/us/en/images/products/adum-rug-high-pile-brown__0185536_PE337547_S4.JPG,59.99,Living room,90230662
http://www.ikea.com/us/en/catalog/products/20264269/,ÅDUM,"Rug, high pile, light brown",http://www.ikea.com/us/en/images/products/adum-rug-high-pile-brown__0243886_PE383177_S4.JPG,99.00,Living room,20264269
http://www.ikea.com/us/en/catalog/products/20271260/,ÅDUM,"Rug, high pile, bright red",http://www.ikea.com/us/en/images/products/adum-rug-high-pile-red__0243882_PE383187_S4.JPG,49.99,Living room,20271260
http://www.ikea.com/us/en/catalog/products/40271259/,ÅDUM,"Rug, high pile, off-white",http://www.ikea.com/us/en/images/products/adum-rug-high-pile-white__0243889_PE383175_S4.JPG,99.00,Living room,40271259
http://www.ikea.com/us/en/catalog/products/20285144/,ÅDUM,"Rug, high pile, yellow",http://www.ikea.com/us/en/images/products/adum-rug-high-pile-yellow__0278368_PE417980_S4.JPG,49.99,Living room,20285144
http://www.ikea.com/us/en/catalog/products/40285143/,ÅDUM,"Rug, high pile, turquoise",http://www.ikea.com/us/en/images/products/adum-rug-high-pile-turquoise__0278366_PE417978_S4.JPG,49.99,Living room,40285143
http://www.ikea.com/us/en/catalog/products/50163773/,ÅDUM,"Rug, high pile, off-white",http://www.ikea.com/us/en/images/products/adum-rug-high-pile-white__0111259_PE261943_S4.JPG,59.99,Living room,50163773
http://www.ikea.com/us/en/catalog/products/30295802/,ÅFJÄRDEN,"Bath sheet, gray",http://www.ikea.com/us/en/images/products/afjarden-bath-sheet-gray__0302032_PE426982_S4.JPG,13.99,Bathroom,30295802
http://www.ikea.com/us/en/catalog/products/40295788/,ÅFJÄRDEN,"Bath sheet, pink",http://www.ikea.com/us/en/images/products/afjarden-bath-sheet-pink__0302040_PE426983_S4.JPG,13.99,Bathroom,40295788
http://www.ikea.com/us/en/catalog/products/40190630/,ÅFJÄRDEN,"Bath sheet, dark beige",http://www.ikea.com/us/en/images/products/afjarden-bath-sheet-beige__0116887_PE272414_S4.JPG,13.99,Bathroom,40190630
http://www.ikea.com/us/en/catalog/products/70190638/,ÅFJÄRDEN,"Bath sheet, white",http://www.ikea.com/us/en/images/products/afjarden-bath-sheet-white__0116890_PE272417_S4.JPG,13.99,Bathroom,70190638
http://www.ikea.com/us/en/catalog/products/80190628/,ÅFJÄRDEN,"Bath sheet, green-blue",http://www.ikea.com/us/en/images/products/afjarden-bath-sheet-blue__0116886_PE272413_S4.JPG,13.99,Bathroom,80190628
http://www.ikea.com/us/en/catalog/products/10295799/,ÅFJÄRDEN,"Bath towel, gray",http://www.ikea.com/us/en/images/products/afjarden-bath-towel-gray__0302032_PE426982_S4.JPG,7.99,Bathroom,10295799
http://www.ikea.com/us/en/catalog/products/80295786/,ÅFJÄRDEN,"Bath towel, pink",http://www.ikea.com/us/en/images/products/afjarden-bath-towel-pink__0302040_PE426983_S4.JPG,7.99,Bathroom,80295786
http://www.ikea.com/us/en/catalog/products/20190626/,ÅFJÄRDEN,"Bath towel, white",http://www.ikea.com/us/en/images/products/afjarden-bath-towel-white__0116890_PE272417_S4.JPG,7.99,Bathroom,20190626
http://www.ikea.com/us/en/catalog/products/40190611/,ÅFJÄRDEN,"Bath towel, green-blue",http://www.ikea.com/us/en/images/products/afjarden-bath-towel-blue__0116886_PE272413_S4.JPG,7.99,Bathroom,40190611
http://www.ikea.com/us/en/catalog/products/80190614/,ÅFJÄRDEN,"Bath towel, dark beige",http://www.ikea.com/us/en/images/products/afjarden-bath-towel-beige__0116887_PE272414_S4.JPG,7.99,Bathroom,80190614
http://www.ikea.com/us/en/catalog/products/40295806/,ÅFJÄRDEN,"Hand towel, gray",http://www.ikea.com/us/en/images/products/afjarden-hand-towel-gray__0302032_PE426982_S4.JPG,4.99,Bathroom,40295806
http://www.ikea.com/us/en/catalog/products/60295792/,ÅFJÄRDEN,"Hand towel, pink",http://www.ikea.com/us/en/images/products/afjarden-hand-towel-pink__0302040_PE426983_S4.JPG,4.99,Bathroom,60295792
http://www.ikea.com/us/en/catalog/products/40190654/,ÅFJÄRDEN,"Hand towel, dark beige",http://www.ikea.com/us/en/images/products/afjarden-hand-towel-beige__0116887_PE272414_S4.JPG,4.99,Bathroom,40190654
http://www.ikea.com/us/en/catalog/products/70190662/,ÅFJÄRDEN,"Hand towel, white",http://www.ikea.com/us/en/images/products/afjarden-hand-towel-white__0116890_PE272417_S4.JPG,4.99,Bathroom,70190662
http://www.ikea.com/us/en/catalog/products/80190652/,ÅFJÄRDEN,"Hand towel, green-blue",http://www.ikea.com/us/en/images/products/afjarden-hand-towel-blue__0116886_PE272413_S4.JPG,4.99,Bathroom,80190652
http://www.ikea.com/us/en/catalog/products/50295797/,ÅFJÄRDEN,"Washcloth, pink",http://www.ikea.com/us/en/images/products/afjarden-washcloth-pink__0302040_PE426983_S4.JPG,2.99,Bathroom,50295797
http://www.ikea.com/us/en/catalog/products/60295810/,ÅFJÄRDEN,"Washcloth, gray",http://www.ikea.com/us/en/images/products/afjarden-washcloth-gray__0302032_PE426982_S4.JPG,2.99,Bathroom,60295810
http://www.ikea.com/us/en/catalog/products/30190678/,ÅFJÄRDEN,"Washcloth, dark beige",http://www.ikea.com/us/en/images/products/afjarden-washcloth-beige__0116887_PE272414_S4.JPG,2.99,Bathroom,30190678
http://www.ikea.com/us/en/catalog/products/60190686/,ÅFJÄRDEN,"Washcloth, white",http://www.ikea.com/us/en/images/products/afjarden-washcloth-white__0116890_PE272417_S4.JPG,2.99,Bathroom,60190686
http://www.ikea.com/us/en/catalog/products/70190676/,ÅFJÄRDEN,"Washcloth, green-blue",http://www.ikea.com/us/en/images/products/afjarden-washcloth-blue__0116886_PE272413_S4.JPG,2.99,Bathroom,70190676
http://www.ikea.com/us/en/catalog/products/40281277/,ÅKERKULLA,"Cushion cover, gray/white",http://www.ikea.com/us/en/images/products/akerkulla-cushion-cover-assorted-colors__0209512_PE363038_S4.JPG,7.00,Living room,40281277
http://www.ikea.com/us/en/catalog/products/90236720/,ÅKERKULLA,"Cushion, white, multicolor",http://www.ikea.com/us/en/images/products/akerkulla-cushion-assorted-colors__0173068_PE327178_S4.JPG,19.99,Living room,90236720
http://www.ikea.com/us/en/catalog/products/00243409/,ÅKERKULLA,"Panel curtain, multicolor",http://www.ikea.com/us/en/images/products/akerkulla-panel-curtain-assorted-colors__0173071_PE327180_S4.JPG,14.99,Living room,00243409
http://www.ikea.com/us/en/catalog/products/10245078/,ÅKERKULLA,"Shower curtain, multicolor",http://www.ikea.com/us/en/images/products/akerkulla-shower-curtain-assorted-colors__0307535_PE427678_S4.JPG,14.99,Bathroom,10245078
http://www.ikea.com/us/en/catalog/products/90230073/,ÅKERTISTEL,"Duvet cover and pillowcase(s), yellow",http://www.ikea.com/us/en/images/products/akertistel-duvet-cover-and-pillowcase-s-yellow__0389661_PE318797_S4.JPG,29.99,Bedroom,90230073
http://www.ikea.com/us/en/catalog/products/30176045/,ÅRSTID,"Ceiling lamp, white",http://www.ikea.com/us/en/images/products/arstid-ceiling-lamp-white__0120162_PE276584_S4.JPG,39.99,Living room,30176045
http://www.ikea.com/us/en/catalog/products/50163867/,ÅRSTID,"Floor lamp, nickel plated, white",http://www.ikea.com/us/en/images/products/arstid-floor-lamp-white__0418890_PE575909_S4.JPG,39.99,Living room,50163867
http://www.ikea.com/us/en/catalog/products/40248221/,ÅRSTID,"Pendant lamp, 3-armed",http://www.ikea.com/us/en/images/products/arstid-pendant-lamp-armed__0208681_PE362499_S4.JPG,29.99,Living room,40248221
http://www.ikea.com/us/en/catalog/products/40163882/,ÅRSTID,"Wall lamp, nickel plated, white",http://www.ikea.com/us/en/images/products/arstid-wall-lamp-white__0434788_PE588547_S4.JPG,14.99,Living room,40163882
http://www.ikea.com/us/en/catalog/products/30314966/,ÅTERGE - GROW TOGETHER,Book,http://www.ikea.com/us/en/images/products/aterge-grow-together-book__0409076_PE582658_S4.JPG,9.99,IKEA FAMILY products,30314966
http://www.ikea.com/us/en/catalog/products/20309767/,ÅTGÅNG,"Vase, gray",http://www.ikea.com/us/en/images/products/atgang-vase-gray__0367307_PE549494_S4.JPG,9.99,Decoration,20309767
http://www.ikea.com/us/en/catalog/products/40309771/,ÅTGÅNG,"Vase, gray",http://www.ikea.com/us/en/images/products/atgang-vase-gray__0367311_PE549493_S4.JPG,8.99,Decoration,40309771
http://www.ikea.com/us/en/catalog/products/60201251/,ÄDELSTEN,"Mortar and pestel, marble black",http://www.ikea.com/us/en/images/products/adelsten-mortar-and-pestel-black__0132322_PE287126_S4.JPG,14.99,Cooking,60201251
http://www.ikea.com/us/en/catalog/products/40288392/,ÄGGPLANTA,"Planter, white",http://www.ikea.com/us/en/images/products/aggplanta-planter-white__0301553_PE426741_S4.JPG,4.99,Decoration,40288392
http://www.ikea.com/us/en/catalog/products/10245813/,ÄLGHULT,Ceiling lamp,http://www.ikea.com/us/en/images/products/alghult-ceiling-lamp__0210395_PE363803_S4.JPG,39.99,Living room,10245813
http://www.ikea.com/us/en/catalog/products/20245822/,ÄLGHULT,"Pendant lamp, 3-armed",http://www.ikea.com/us/en/images/products/alghult-pendant-lamp-armed__0210398_PE363833_S4.JPG,39.99,Living room,20245822
http://www.ikea.com/us/en/catalog/products/80234019/,ÄLMSTA,"Chair, rattan, black",http://www.ikea.com/us/en/images/products/almsta-chair-black__0154292_PE312641_S4.JPG,99.00,Dining,80234019
http://www.ikea.com/us/en/catalog/products/70270282/,ÄLVSBYN,"LED chandelier, white",http://www.ikea.com/us/en/images/products/alvsbyn-led-chandelier-white__0346644_PE535742_S4.JPG,79.99,Living room,70270282
http://www.ikea.com/us/en/catalog/products/40287316/,ÄMTEVIK,"Lamp shade, green",http://www.ikea.com/us/en/images/products/amtevik-lamp-shade-green__0316193_PE516599_S4.JPG,29.99,Living room,40287316
http://www.ikea.com/us/en/catalog/products/50287306/,ÄMTEVIK,"Lamp shade, blue, green stripe",http://www.ikea.com/us/en/images/products/amtevik-lamp-shade__0316187_PE516601_S4.JPG,19.99,Living room,50287306
http://www.ikea.com/us/en/catalog/products/50287311/,ÄMTEVIK,"Lamp shade, orange",http://www.ikea.com/us/en/images/products/amtevik-lamp-shade-orange__0316188_PE516600_S4.JPG,19.99,Living room,50287311
http://www.ikea.com/us/en/catalog/products/90287314/,ÄMTEVIK,"Lamp shade, orange, pink stripe",http://www.ikea.com/us/en/images/products/amtevik-lamp-shade__0316196_PE516598_S4.JPG,29.99,Living room,90287314
http://www.ikea.com/us/en/catalog/products/70257624/,ÄNDLIG,"3-piece knife set, light gray, white",http://www.ikea.com/us/en/images/products/andlig-piece-knife-set-white__0210168_PE363627_S4.JPG,5.99,Cooking,70257624
http://www.ikea.com/us/en/catalog/products/70291246/,ÄNGLAND,Floor lamp,http://www.ikea.com/us/en/images/products/angland-floor-lamp__0385317_PE558438_S4.JPG,29.99,Living room,70291246
http://www.ikea.com/us/en/catalog/products/60291360/,ÄNGLAND,Pendant lamp,http://www.ikea.com/us/en/images/products/angland-pendant-lamp__0385321_PE558440_S4.JPG,19.99,Living room,60291360
http://www.ikea.com/us/en/catalog/products/80291279/,ÄNGLAND,Table lamp,http://www.ikea.com/us/en/images/products/angland-table-lamp__0385322_PE558444_S4.JPG,24.99,Living room,80291279
http://www.ikea.com/us/en/catalog/products/60291384/,ÄNGLAND,Wall lamp,http://www.ikea.com/us/en/images/products/angland-wall-lamp__0385325_PE558442_S4.JPG,9.99,Living room,60291384
http://www.ikea.com/us/en/catalog/products/30229925/,ÄNGSSKÄRA,"Duvet cover and pillowcase(s), black/white",http://www.ikea.com/us/en/images/products/angsskara-duvet-cover-and-pillowcase-s-assorted-colors__0409530_PE569827_S4.JPG,19.99,Bedroom,30229925
http://www.ikea.com/us/en/catalog/products/10328097/,ÄNGSTÖREL,"Bedspread, blue, check",http://www.ikea.com/us/en/images/products/angstorel-bedspread-blue__0419096_PE576081_S4.JPG,19.99,Bedroom,10328097
http://www.ikea.com/us/en/catalog/products/30281046/,ÄNGSVIDE,Mattress protector,http://www.ikea.com/us/en/images/products/angsvide-mattress-protector-white__0310679_PE407264_S4.JPG,9.99,Bedroom,30281046
http://www.ikea.com/us/en/catalog/products/40281079/,ÄNGSVIDE,Pillow protector,http://www.ikea.com/us/en/images/products/angsvide-pillow-protector-white__0310686_PE407269_S4.JPG,5.99,Bedroom,40281079
http://www.ikea.com/us/en/catalog/products/S89070787/,ÄPPLARÖ / KUNGSÖ,"4-seat sofa with footstool, outdoor, brown stained, white",http://www.ikea.com/us/en/images/products/applaro-kungso-seat-sofa-with-footstool-outdoor-white__0317103_PE513314_S4.JPG,755.00,Outdoor,89070787
http://www.ikea.com/us/en/catalog/products/S79070797/,ÄPPLARÖ / KUNGSÖ,"5-seat sectional, outdoor, brown stained, white",http://www.ikea.com/us/en/images/products/applaro-kungso-seat-sectional-outdoor-white__0317131_PE513312_S4.JPG,755.00,Outdoor,79070797
http://www.ikea.com/us/en/catalog/products/S89070792/,ÄPPLARÖ / KUNGSÖ,"Loveseat, outdoor, brown stained, white",http://www.ikea.com/us/en/images/products/applaro-kungso-loveseat-outdoor-white__0317130_PE513313_S4.JPG,390.00,Outdoor,89070792
http://www.ikea.com/us/en/catalog/products/S59070802/,ÄPPLARÖ / KUNGSÖ,"Sofa, outdoor, brown stained, white",http://www.ikea.com/us/en/images/products/applaro-kungso-sofa-outdoor-white__0317132_PE513311_S4.JPG,530.00,Outdoor,59070802
http://www.ikea.com/us/en/catalog/products/S19054012/,ÄPPLARÖ / TOSTERÖ,"Bench with storage bag, outdoor, brown stained",http://www.ikea.com/us/en/images/products/applaro-tostero-bench-with-storage-bag-outdoor__0310813_PE513320_S4.JPG,148.99,Outdoor,19054012
http://www.ikea.com/us/en/catalog/products/S99053971/,ÄPPLARÖ,"Table, 2 armchairs and bench, outdoor brown stained",http://www.ikea.com/us/en/images/products/applaro-table-armchairs-and-bench__0310811_PE513321_S4.JPG,319.00,Outdoor,99053971
http://www.ikea.com/us/en/catalog/products/S39053969/,ÄPPLARÖ,"Table+ and 8 reclining chairs, outdoor brown stained",http://www.ikea.com/us/en/images/products/applaro-table-and-reclining-chairs__0310779_PE513325_S4.JPG,589.00,Outdoor,39053969
http://www.ikea.com/us/en/catalog/products/50269675/,ÄRENPRIS,"Pillow, firmer",http://www.ikea.com/us/en/images/products/arenpris-pillow-firmer__0311335_PE407242_S4.JPG,14.99,Bedroom,50269675
http://www.ikea.com/us/en/catalog/products/10269682/,ÄRENPRIS,"Pillow, softer",http://www.ikea.com/us/en/images/products/arenpris-pillow-softer__0311326_PE407232_S4.JPG,9.99,Bedroom,10269682
http://www.ikea.com/us/en/catalog/products/40258960/,ÄTBART,"20-piece flatware set, stainless steel",http://www.ikea.com/us/en/images/products/atbart-piece-flatware-set__0366345_PE549261_S4.JPG,24.99,Eating,40258960
