http://www.ikea.com/us/en/catalog/products/50299192/,DAGARN,"Footstool, Kimstad turquoise",http://www.ikea.com/us/en/images/products/dagarn-footstool-turquoise__0326879_PE518245_S4.JPG,199.00,Living room,50299192
http://www.ikea.com/us/en/catalog/products/60299196/,DAGARN,"Loveseat with chaise, Kimstad turquoise",http://www.ikea.com/us/en/images/products/dagarn-loveseat-with-chaise-turquoise__0325230_PE518258_S4.JPG,699.00,Living room,60299196
http://www.ikea.com/us/en/catalog/products/60299200/,DAGARN,"Sofa, Kimstad turquoise",http://www.ikea.com/us/en/images/products/dagarn-sofa-turquoise__0325243_PE518252_S4.JPG,599.00,Living room,60299200
http://www.ikea.com/us/en/catalog/products/40240989/,DAGOTTO,"Footrest, black",http://www.ikea.com/us/en/images/products/dagotto-footrest-black__0156454_PE315498_S4.JPG,14.99,Office furniture,40240989
http://www.ikea.com/us/en/catalog/products/20294539/,DAGSTORP,"Corner sofa 2+2, Laglig white",http://www.ikea.com/us/en/images/products/dagstorp-corner-sofa-white__0343312_PE535688_S4.JPG,999.00,Living room,20294539
http://www.ikea.com/us/en/catalog/products/10281373/,DAGSTORP,"Loveseat and chaise, Laglig black",http://www.ikea.com/us/en/images/products/dagstorp-loveseat-and-chaise-black__0343320_PE535683_S4.JPG,799.00,Living room,10281373
http://www.ikea.com/us/en/catalog/products/30281372/,DAGSTORP,"Sofa, Laglig black",http://www.ikea.com/us/en/images/products/dagstorp-sofa-black__0343330_PE535664_S4.JPG,599.00,Living room,30281372
http://www.ikea.com/us/en/catalog/products/60155602/,DALFRED,"Bar stool, black",http://www.ikea.com/us/en/images/products/dalfred-bar-stool-black__0101062_PE244903_S4.JPG,39.99,Dining,60155602
http://www.ikea.com/us/en/catalog/products/40247207/,DALSHULT,"Underframe, birch",http://www.ikea.com/us/en/images/products/dalshult-underframe__0313535_PE513588_S4.JPG,100.00,Dining,40247207
http://www.ikea.com/us/en/catalog/products/10281306/,DALSKÄR,"Bath faucet with strainer, white",http://www.ikea.com/us/en/images/products/dalskar-bath-faucet-with-strainer-white__0404522_PE332038_S4.JPG,79.99,Bathroom,10281306
http://www.ikea.com/us/en/catalog/products/20281297/,DALSKÄR,"Bath faucet with strainer, chrome plated",http://www.ikea.com/us/en/images/products/dalskar-bath-faucet-with-strainer__0404517_PE220876_S4.JPG,69.99,Bathroom,20281297
http://www.ikea.com/us/en/catalog/products/60281304/,DALSKÄR,"Bath faucet with strainer, stainless steel color",http://www.ikea.com/us/en/images/products/dalskar-bath-faucet-with-strainer-gray__0404519_PE332039_S4.JPG,79.99,Bathroom,60281304
http://www.ikea.com/us/en/catalog/products/00263727/,DÄNKA,Ironing board,http://www.ikea.com/us/en/images/products/danka-ironing-board__0240299_PE379916_S4.JPG,22.99,Laundry,00263727
http://www.ikea.com/us/en/catalog/products/30262118/,DANNSKÄR,"Bath faucet with strainer, chrome plated",http://www.ikea.com/us/en/images/products/dannskar-bath-faucet-with-strainer__0404533_PE381730_S4.JPG,79.99,Bathroom,30262118
http://www.ikea.com/us/en/catalog/products/40240927/,DANSA,Disco ball with LED light,http://www.ikea.com/us/en/images/products/dansa-disco-ball-with-led-light__0184868_PE336706_S4.JPG,34.99,Children's IKEA,40240927
http://www.ikea.com/us/en/catalog/products/80200651/,DÅTID,"Exhaust hood, Stainless steel",http://www.ikea.com/us/en/images/products/datid-exhaust-hood__0138072_PE297239_S4.JPG,679.00,Kitchen & appliances,80200651
http://www.ikea.com/us/en/catalog/products/50187566/,DEKAD,"Alarm clock, black",http://www.ikea.com/us/en/images/products/dekad-alarm-clock-black__0110719_PE262840_S4.JPG,5.99,Decoration,50187566
http://www.ikea.com/us/en/catalog/products/90098974/,DEKAD,"Wall clock, black",http://www.ikea.com/us/en/images/products/dekad-wall-clock-black__0110685_PE261090_S4.JPG,9.99,Decoration,90098974
http://www.ikea.com/us/en/catalog/products/10100886/,DESSERT,"Measuring cups, set of 4, red, stainless steel",http://www.ikea.com/us/en/images/products/dessert-measuring-cups-set-of-red__56934_PE162375_S4.JPG,3.99,Cooking,10100886
http://www.ikea.com/us/en/catalog/products/30100885/,DESSERT,"Measuring spoons, set of 4, red, stainless steel",http://www.ikea.com/us/en/images/products/dessert-measuring-spoons-set-of-red__56935_PE162376_S4.JPG,2.99,Cooking,30100885
http://www.ikea.com/us/en/catalog/products/80269122/,DETOLF,"Glass-door cabinet, white",http://www.ikea.com/us/en/images/products/detolf-glass-door-cabinet-white__0239895_PE379566_S4.JPG,69.99,Dining,80269122
http://www.ikea.com/us/en/catalog/products/70288630/,DIETMAR,"Underframe for armchair, chrome plated",http://www.ikea.com/us/en/images/products/dietmar-underframe-for-armchair__0375996_PE553902_S4.JPG,35.00,Dining,70288630
http://www.ikea.com/us/en/catalog/products/60075295/,DIGNITET,"Curtain wire, stainless steel",http://www.ikea.com/us/en/images/products/dignitet-curtain-wire__0091163_PE226437_S4.JPG,12.99,Living room,60075295
http://www.ikea.com/us/en/catalog/products/40078030/,DIGNITET,"Support/corner fixture, stainless steel",http://www.ikea.com/us/en/images/products/dignitet-support-corner-fixture__36089_PE126980_S4.JPG,4.99,Living room,40078030
http://www.ikea.com/us/en/catalog/products/10313920/,DILLVIPPA,"Chopping board, set of 2, beech",http://www.ikea.com/us/en/images/products/dillvippa-chopping-board-set-of-__0378177_PE554492_S4.JPG,6.38,Cooking,10313920
http://www.ikea.com/us/en/catalog/products/30291639/,DIMPA,"Recycling bag, gray-black",http://www.ikea.com/us/en/images/products/dimpa-recycling-bag-black__0321719_PE524351_S4.JPG,2.99,Secondary storage,30291639
http://www.ikea.com/us/en/catalog/products/10056770/,DIMPA,"Storage bag, clear",http://www.ikea.com/us/en/images/products/dimpa-storage-bag-white__0163501_PE318650_S4.JPG,3.99,Office furniture,10056770
http://www.ikea.com/us/en/catalog/products/20119418/,DIODER,"LED 4-piece light strip set, white",http://www.ikea.com/us/en/images/products/dioder-led-piece-light-strip-set-white__53205_PE153426_S4.JPG,19.99,Living room,20119418
http://www.ikea.com/us/en/catalog/products/50192365/,DIODER,"LED 4-piece light strip set, multicolor",http://www.ikea.com/us/en/images/products/dioder-led-piece-light-strip-set-assorted-colors__0118364_PE273978_S4.JPG,29.99,Living room,50192365
http://www.ikea.com/us/en/catalog/products/60192355/,DIODER,"LED light strip, flexible, multicolor",http://www.ikea.com/us/en/images/products/dioder-led-light-strip-flexible-assorted-colors__0118363_PE273977_S4.JPG,39.99,Living room,60192355
http://www.ikea.com/us/en/catalog/products/00119424/,DIODER,"LED multi-use light, white",http://www.ikea.com/us/en/images/products/dioder-led-multi-use-light-white__70153_PE185535_S4.JPG,24.99,Living room,00119424
http://www.ikea.com/us/en/catalog/products/80192378/,DIODER,"LED multi-use light, multicolor",http://www.ikea.com/us/en/images/products/dioder-led-multi-use-light-assorted-colors__0118365_PE273979_S4.JPG,29.99,Living room,80192378
http://www.ikea.com/us/en/catalog/products/30223099/,DIOD,"Glass, blue",http://www.ikea.com/us/en/images/products/diod-glass-blue__0135788_PE292629_S4.JPG,2.99,Eating,30223099
http://www.ikea.com/us/en/catalog/products/70223101/,DIOD,"Glass, white",http://www.ikea.com/us/en/images/products/diod-glass-white__0135791_PE292632_S4.JPG,2.99,Eating,70223101
http://www.ikea.com/us/en/catalog/products/50225894/,DIOD,"Glass, dark green",http://www.ikea.com/us/en/images/products/diod-glass-green__0170148_PE324336_S4.JPG,2.99,Eating,50225894
http://www.ikea.com/us/en/catalog/products/00295399/,DIREKT,"3-piece kitchen utensil set, black, stainless steel",http://www.ikea.com/us/en/images/products/direkt-piece-kitchen-utensil-set-black__0323353_PE516744_S4.JPG,3.99,Cooking,00295399
http://www.ikea.com/us/en/catalog/products/50137581/,DIREKT,"3-piece kitchen utensil set, black, stainless steel",http://www.ikea.com/us/en/images/products/direkt-piece-kitchen-utensil-set-black__0091841_PE227798_S4.JPG,3.99,Cooking,50137581
http://www.ikea.com/us/en/catalog/products/70287584/,DITO,"20-piece flatware set, green",http://www.ikea.com/us/en/images/products/dito-piece-flatware-set-green__0300885_PE426453_S4.JPG,14.99,Eating,70287584
http://www.ikea.com/us/en/catalog/products/30182372/,DITO,"20-piece flatware set, lilac",http://www.ikea.com/us/en/images/products/dito-piece-flatware-set-lilac__0112776_PE264671_S4.JPG,14.99,Eating,30182372
http://www.ikea.com/us/en/catalog/products/00196926/,DITTE,"Fabric, bright red",http://www.ikea.com/us/en/images/products/ditte-fabric-red__0118715_PE274676_S4.JPG,2.99,Living room,00196926
http://www.ikea.com/us/en/catalog/products/60206098/,DITTE,"Fabric, white",http://www.ikea.com/us/en/images/products/ditte-fabric-white__0118716_PE274677_S4.JPG,2.99,Living room,60206098
http://www.ikea.com/us/en/catalog/products/33080380/,DITTE,"Fabric, black",http://www.ikea.com/us/en/images/products/ditte-fabric-black__72313_PE188072_S4.JPG,2.99,Living room,33080380
http://www.ikea.com/us/en/catalog/products/80300325/,DJUPVIK,"Cushion, Blekinge white",http://www.ikea.com/us/en/images/products/djupvik-cushion-white__0119366_PE275638_S4.JPG,30.00,Textiles & Rugs,80300325
http://www.ikea.com/us/en/catalog/products/S99130615/,DOCKSTA / SVENBERTIL,"Table and 4 chairs, white, birch",http://www.ikea.com/us/en/images/products/docksta-svenbertil-table-and-chairs-white__0392220_PE560324_S4.JPG,335.00,Dining,99130615
http://www.ikea.com/us/en/catalog/products/S39010748/,DOCKSTA / TOBIAS,"Table and 4 chairs, white, lilac",http://www.ikea.com/us/en/images/products/docksta-tobias-table-and-chairs-white__0241644_PE381447_S4.JPG,495.00,Dining,39010748
http://www.ikea.com/us/en/catalog/products/S39885711/,DOCKSTA / TOBIAS,"Table and 4 chairs, white, clear",http://www.ikea.com/us/en/images/products/docksta-tobias-table-and-chairs-white__0123737_PE279862_S4.JPG,495.00,Dining,39885711
http://www.ikea.com/us/en/catalog/products/40063632/,DOCKSTA,"Table, white",http://www.ikea.com/us/en/images/products/docksta-table-white__35716_PE126584_S4.JPG,179.00,Dining,40063632
http://www.ikea.com/us/en/catalog/products/00292292/,DOFTA,"Potpourri, scented, orange",http://www.ikea.com/us/en/images/products/dofta-potpourri-orange__0356767_PE543724_S4.JPG,1.29,Decoration,00292292
http://www.ikea.com/us/en/catalog/products/20292291/,DOFTA,"Potpourri, scented, white",http://www.ikea.com/us/en/images/products/dofta-potpourri-white__0356928_PE543726_S4.JPG,1.29,Decoration,20292291
http://www.ikea.com/us/en/catalog/products/40285930/,DOFTA,"Potpourri, scented, lilac",http://www.ikea.com/us/en/images/products/dofta-potpourri-lilac__0356765_PE543723_S4.JPG,1.29,Decoration,40285930
http://www.ikea.com/us/en/catalog/products/40292290/,DOFTA,"Potpourri, scented, red",http://www.ikea.com/us/en/images/products/dofta-potpourri-red__0356927_PE543725_S4.JPG,1.29,Decoration,40292290
http://www.ikea.com/us/en/catalog/products/40186322/,DOFTA,"Potpourri in a box, scented light brown, dark brown",http://www.ikea.com/us/en/images/products/dofta-potpourri-in-a-box-brown__0119556_PE275937_S4.JPG,3.99,Decoration,40186322
http://www.ikea.com/us/en/catalog/products/70324435/,DOFTKLINT,"Duvet cover and pillowcase(s), white, multicolor",http://www.ikea.com/us/en/images/products/doftklint-duvet-cover-and-pillowcase-s-assorted-colors__0388006_PE559107_S4.JPG,19.99,Bedroom,70324435
http://www.ikea.com/us/en/catalog/products/10322175/,DOFTKLINT,"Shower curtain, multicolor",http://www.ikea.com/us/en/images/products/doftklint-shower-curtain-assorted-colors__0452632_PE601535_S4.JPG,6.99,Bathroom,10322175
http://www.ikea.com/us/en/catalog/products/30298297/,DOFTRANKA,"Cushion cover, white, multicolor",http://www.ikea.com/us/en/images/products/doftranka-cushion-cover-assorted-colors__0359764_PE544197_S4.JPG,4.00,Living room,30298297
http://www.ikea.com/us/en/catalog/products/60308902/,DOFTRANKA,"Duvet cover and pillowcase(s), white, multicolor",http://www.ikea.com/us/en/images/products/doftranka-duvet-cover-and-pillowcase-s-assorted-colors__0348635_PE534982_S4.JPG,29.99,Bedroom,60308902
http://www.ikea.com/us/en/catalog/products/40103826/,DOLD,"Single portion sugar shaker, clear glass, stainless steel",http://www.ikea.com/us/en/images/products/dold-single-portion-sugar-shaker__68831_PE183485_S4.JPG,3.99,Small storage,40103826
http://www.ikea.com/us/en/catalog/products/50270136/,DOMBÅS,"Wardrobe, white",http://www.ikea.com/us/en/images/products/dombas-wardrobe-white__0130097_PE284330_S4.JPG,129.00,Bedroom,50270136
http://www.ikea.com/us/en/catalog/products/00267339/,DOMSJÖ,"Chopping board, beech, stainless steel",http://www.ikea.com/us/en/images/products/domsjo-chopping-board__74992_PE192600_S4.JPG,17.99,Kitchen & appliances,00267339
http://www.ikea.com/us/en/catalog/products/20267338/,DOMSJÖ,"Colander, stainless steel",http://www.ikea.com/us/en/images/products/domsjo-colander__74993_PE192601_S4.JPG,26.99,Kitchen & appliances,20267338
http://www.ikea.com/us/en/catalog/products/S59093554/,DOMSJÖ,Double bowl,http://www.ikea.com/us/en/images/products/domsjo-double-bowl__0400797_PE565752_S4.JPG,312.98,Kitchen & appliances,59093554
http://www.ikea.com/us/en/catalog/products/S19822036/,DOMSJÖ,Single-bowl inset sink,http://www.ikea.com/us/en/images/products/domsjo-single-bowl-inset-sink__0400799_PE565754_S4.JPG,105.99,Kitchen & appliances,19822036
http://www.ikea.com/us/en/catalog/products/S29093555/,DOMSJÖ,"Sink bowl, white",http://www.ikea.com/us/en/images/products/domsjo-sink-bowl-white__0400813_PE565766_S4.JPG,185.99,Kitchen & appliances,29093555
http://www.ikea.com/us/en/catalog/products/40286802/,DORTHY,"Cushion cover, white",http://www.ikea.com/us/en/images/products/dorthy-cushion-cover-white__0278681_PE418325_S4.JPG,10.00,Living room,40286802
http://www.ikea.com/us/en/catalog/products/90209364/,DORTHY,"Fabric, multicolor",http://www.ikea.com/us/en/images/products/dorthy-fabric-assorted-colors__0275003_PE413800_S4.JPG,4.99,Living room,90209364
http://www.ikea.com/us/en/catalog/products/80303531/,DRACAENA MARGINATA,"Potted plant, Dragon tree, 3-stem",http://www.ikea.com/us/en/images/products/dracaena-marginata-potted-plant__67436_PE181279_S4.JPG,8.99,Outdoor,80303531
http://www.ikea.com/us/en/catalog/products/80177170/,DRACAENA MARGINATA,"Potted plant, Dragon tree, 1 stem",http://www.ikea.com/us/en/images/products/dracaena-marginata-potted-plant__0112750_PE264649_S4.JPG,1.99,Outdoor,80177170
http://www.ikea.com/us/en/catalog/products/90166053/,DRACAENA MASSANGEANA,"Potted plant, Dom plant, 3-stem",http://www.ikea.com/us/en/images/products/dracaena-massangeana-potted-plant__0098047_PE238948_S4.JPG,19.99,Outdoor,90166053
http://www.ikea.com/us/en/catalog/products/30063595/,DRACAENA,"Plant, Lucky bamboo",http://www.ikea.com/us/en/images/products/dracaena-plant__67435_PE181278_S4.JPG,1.99,Outdoor,30063595
http://www.ikea.com/us/en/catalog/products/90105781/,DRACAENA,"Plant, Lucky bamboo, spiral",http://www.ikea.com/us/en/images/products/dracaena-plant__67434_PE181277_S4.JPG,2.99,Outdoor,90105781
http://www.ikea.com/us/en/catalog/products/40222607/,DRAGAN,"2-piece bathroom dish set, bamboo",http://www.ikea.com/us/en/images/products/dragan-piece-bathroom-dish-set__0135813_PE292696_S4.JPG,12.99,Bathroom,40222607
http://www.ikea.com/us/en/catalog/products/50281856/,DRAGAN,"Box, set of 3, bamboo",http://www.ikea.com/us/en/images/products/dragan-box-set-of-__0315456_PE516779_S4.JPG,14.99,Bathroom,50281856
http://www.ikea.com/us/en/catalog/products/70271489/,DRAGAN,"Soap dish, bamboo",http://www.ikea.com/us/en/images/products/dragan-soap-dish__0377169_PE554056_S4.JPG,5.99,Bathroom,70271489
http://www.ikea.com/us/en/catalog/products/90271493/,DRAGAN,"Soap dispenser, bamboo",http://www.ikea.com/us/en/images/products/dragan-soap-dispenser__0375045_PE553263_S4.JPG,9.99,Bathroom,90271493
http://www.ikea.com/us/en/catalog/products/30271491/,DRAGAN,"Toothbrush holder, bamboo",http://www.ikea.com/us/en/images/products/dragan-toothbrush-holder__0375050_PE553264_S4.JPG,5.99,Bathroom,30271491
http://www.ikea.com/us/en/catalog/products/30263052/,DRAGGAN,"Cart, red",http://www.ikea.com/us/en/images/products/draggan-cart-red__0187811_PE340764_S4.JPG,24.99,Bathroom,30263052
http://www.ikea.com/us/en/catalog/products/70235694/,DRAGON,"Children's 3-piece flatware set, stainless steel",http://www.ikea.com/us/en/images/products/dragon-children-s-piece-flatware-set__0237230_PE376620_S4.JPG,4.99,Children's IKEA,70235694
http://www.ikea.com/us/en/catalog/products/00086490/,DRAGÖR,"Rug, flatwoven, beige, light brown",http://www.ikea.com/us/en/images/products/dragor-rug-flatwoven-beige__46285_PE139477_S4.JPG,39.99,Living room,00086490
http://www.ikea.com/us/en/catalog/products/50153123/,DRÄLLA,"Bendable chopping board, green, red",http://www.ikea.com/us/en/images/products/dralla-bendable-chopping-board-green__0114949_PE267956_S4.JPG,1.99,Cooking,50153123
http://www.ikea.com/us/en/catalog/products/00266556/,DRAMSELVA,"Shower curtain, green bamboo",http://www.ikea.com/us/en/images/products/dramselva-shower-curtain-green__0373028_PE553027_S4.JPG,9.99,Bathroom,00266556
http://www.ikea.com/us/en/catalog/products/20266555/,DRAMSELVA,"Shower curtain, turquoise, flower",http://www.ikea.com/us/en/images/products/dramselva-shower-curtain-turquoise__0379736_PE556454_S4.JPG,9.99,Bathroom,20266555
http://www.ikea.com/us/en/catalog/products/50266554/,DRAMSELVA,"Shower curtain, dark lilac, flower",http://www.ikea.com/us/en/images/products/dramselva-shower-curtain-lilac__0383960_PE557931_S4.JPG,9.99,Bathroom,50266554
http://www.ikea.com/us/en/catalog/products/00234754/,DRIFTIG,"Bowl, patterned orange",http://www.ikea.com/us/en/images/products/driftig-bowl-orange__0246609_PE385574_S4.JPG,3.49,Eating,00234754
http://www.ikea.com/us/en/catalog/products/90234764/,DRIFTIG,"Plate, patterned multicolor",http://www.ikea.com/us/en/images/products/driftig-plate-assorted-colors__0246611_PE385575_S4.JPG,3.99,Eating,90234764
http://www.ikea.com/us/en/catalog/products/10234763/,DRIFTIG,"Side plate, patterned turquoise",http://www.ikea.com/us/en/images/products/driftig-side-plate-turquoise__0246613_PE385576_S4.JPG,3.49,Eating,10234763
http://www.ikea.com/us/en/catalog/products/10300319/,DRÖNA,"Box, black",http://www.ikea.com/us/en/images/products/drona-box-black__0136476_PE293913_S4.JPG,4.99,Living room,10300319
http://www.ikea.com/us/en/catalog/products/90233298/,DRUVFLÄDER,"Bowl, water hyacinth, gray",http://www.ikea.com/us/en/images/products/druvflader-bowl-gray__0190559_PE344003_S4.JPG,12.99,Decoration,90233298
http://www.ikea.com/us/en/catalog/products/70233299/,DRUVFLÄDER,"Decoration, vase, water hyacinth, gray",http://www.ikea.com/us/en/images/products/druvflader-decoration-vase-gray__0190560_PE344002_S4.JPG,29.99,Decoration,70233299
http://www.ikea.com/us/en/catalog/products/00241815/,DRUVFLÄDER,"Hanging planter, water hyacinth, gray",http://www.ikea.com/us/en/images/products/druvflader-hanging-planter-gray__0190564_PE344007_S4.JPG,7.99,Decoration,00241815
http://www.ikea.com/us/en/catalog/products/30233611/,DRUVFLÄDER,"Plant pot, water hyacinth, gray",http://www.ikea.com/us/en/images/products/druvflader-plant-pot-gray__0190563_PE344006_S4.JPG,24.99,Decoration,30233611
http://www.ikea.com/us/en/catalog/products/80241816/,DRUVFLÄDER,"Plant pot, water hyacinth, gray",http://www.ikea.com/us/en/images/products/druvflader-plant-pot-gray__0190562_PE344005_S4.JPG,5.99,Decoration,80241816
http://www.ikea.com/us/en/catalog/products/40311887/,DRYCK APELSIN,Orange drink,http://www.ikea.com/us/en/images/products/dryck-apelsin-orange-drink__0389055_PE559006_S4.JPG,2.49,Food,40311887
http://www.ikea.com/us/en/catalog/products/10296015/,DRYCK BLÅBÄR,Blueberry syrup,http://www.ikea.com/us/en/images/products/dryck-blabar-blueberry-syrup__0445058_PE595507_S4.JPG,5.99,Food,10296015
http://www.ikea.com/us/en/catalog/products/20226767/,DRYCK BUBBEL ÄPPLE & LINGON,Sparkling apple & lingonberry drink,http://www.ikea.com/us/en/images/products/dryck-bubbel-apple-lingon-sparkling-apple-lingonberry-drink__0143098_PE302706_S4.JPG,2.99,Food,20226767
http://www.ikea.com/us/en/catalog/products/40226766/,DRYCK BUBBEL PÄRON,Sparkling pear drink,http://www.ikea.com/us/en/images/products/dryck-bubbel-paron-sparkling-pear-drink__0143097_PE302705_S4.JPG,2.99,Food,40226766
http://www.ikea.com/us/en/catalog/products/00124784/,DRYCK FLÄDER,Elderflower drink,http://www.ikea.com/us/en/images/products/dryck-flader-elderflower-drink__79417_PE203388_S4.JPG,2.49,Food,00124784
http://www.ikea.com/us/en/catalog/products/20149774/,DRYCK FLÄDER,Elderflower drink,http://www.ikea.com/us/en/images/products/dryck-flader-elderflower-drink__0100156_PE242941_S4.JPG,0.99,Food,20149774
http://www.ikea.com/us/en/catalog/products/30311883/,DRYCK HALLON,Raspberry drink,http://www.ikea.com/us/en/images/products/dryck-hallon-raspberry-drink__0444876_PE595328_S4.JPG,2.49,Food,30311883
http://www.ikea.com/us/en/catalog/products/10124694/,DRYCK LINGON,Lingonberry drink,http://www.ikea.com/us/en/images/products/dryck-lingon-lingonberry-drink__79418_PE203389_S4.JPG,2.49,Food,10124694
http://www.ikea.com/us/en/catalog/products/50149777/,DRYCK LINGON,Lingonberry drink,http://www.ikea.com/us/en/images/products/dryck-lingon-lingonberry-drink__0100157_PE242942_S4.JPG,0.99,Food,50149777
http://www.ikea.com/us/en/catalog/products/50296004/,DRYCK LINGON,Lingonberry syrup,http://www.ikea.com/us/en/images/products/dryck-lingon-lingonberry-syrup__0446656_PE596731_S4.JPG,4.99,Food,50296004
http://www.ikea.com/us/en/catalog/products/60311886/,DRYCK PÄRON,Pear drink,http://www.ikea.com/us/en/images/products/dryck-paron-pear-drink__0445040_PE595490_S4.JPG,2.49,Food,60311886
http://www.ikea.com/us/en/catalog/products/80213597/,DUDERÖ,"Floor lamp, silver-color/white",http://www.ikea.com/us/en/images/products/dudero-floor-lamp-assorted-colors__0131615_PE286275_S4.JPG,14.99,Living room,80213597
http://www.ikea.com/us/en/catalog/products/10316099/,DUKNING,"Serving plate, patterned, green",http://www.ikea.com/us/en/images/products/dukning-serving-plate-green__0377182_PE554051_S4.JPG,14.99,Eating,10316099
http://www.ikea.com/us/en/catalog/products/60319972/,DUKTIG,Play kitchen,http://www.ikea.com/us/en/images/products/duktig-play-kitchen__0376341_PE553764_S4.JPG,99.99,Children's IKEA,60319972
http://www.ikea.com/us/en/catalog/products/20291296/,DUNSÖN,"Cart with trellis, light green",http://www.ikea.com/us/en/images/products/dunson-cart-with-trellis-green__0313009_PE513589_S4.JPG,24.99,Outdoor,20291296
http://www.ikea.com/us/en/catalog/products/00299632/,DUVTRÄD,"Bedspread/blanket, orange",http://www.ikea.com/us/en/images/products/duvtrad-bedspread-blanket-orange__0419001_PE575988_S4.JPG,12.99,Children's IKEA,00299632
http://www.ikea.com/us/en/catalog/products/00289652/,DVALA,"Duvet cover and pillowcase(s), orange",http://www.ikea.com/us/en/images/products/dvala-duvet-cover-and-pillowcase-s-orange__0285749_PE422771_S4.JPG,14.99,Bedroom,00289652
http://www.ikea.com/us/en/catalog/products/20154096/,DVALA,"Duvet cover and pillowcase(s), white",http://www.ikea.com/us/en/images/products/dvala-duvet-cover-and-pillowcase-s-white__0409537_PE569834_S4.JPG,19.99,Bedroom,20154096
http://www.ikea.com/us/en/catalog/products/70225416/,DVALA,"Duvet cover and pillowcase(s), stripe, multicolor",http://www.ikea.com/us/en/images/products/dvala-duvet-cover-and-pillowcase-s-assorted-colors__0409505_PE569802_S4.JPG,24.99,Bedroom,70225416
http://www.ikea.com/us/en/catalog/products/50289616/,DVALA,"Fitted sheet, orange",http://www.ikea.com/us/en/images/products/dvala-fitted-sheet-orange__0419052_PE576039_S4.JPG,10.99,Bedroom,50289616
http://www.ikea.com/us/en/catalog/products/10296478/,DVALA,"Fitted sheet, green",http://www.ikea.com/us/en/images/products/dvala-fitted-sheet-green__0419017_PE576004_S4.JPG,10.99,Bedroom,10296478
http://www.ikea.com/us/en/catalog/products/90145838/,DVALA,"Fitted sheet, black",http://www.ikea.com/us/en/images/products/dvala-fitted-sheet-black__0419021_PE576008_S4.JPG,10.99,Bedroom,90145838
http://www.ikea.com/us/en/catalog/products/90149959/,DVALA,"Fitted sheet, white",http://www.ikea.com/us/en/images/products/dvala-fitted-sheet-white__0419050_PE576037_S4.JPG,10.99,Bedroom,90149959
http://www.ikea.com/us/en/catalog/products/80150043/,DVALA,"Fitted sheet, beige",http://www.ikea.com/us/en/images/products/dvala-fitted-sheet-beige__0419054_PE576041_S4.JPG,10.99,Bedroom,80150043
http://www.ikea.com/us/en/catalog/products/50149999/,DVALA,"Fitted sheet, dark blue",http://www.ikea.com/us/en/images/products/dvala-fitted-sheet-blue__0419055_PE576042_S4.JPG,10.99,Bedroom,50149999
http://www.ikea.com/us/en/catalog/products/70149960/,DVALA,"Fitted sheet, red",http://www.ikea.com/us/en/images/products/dvala-fitted-sheet-red__0419059_PE576046_S4.JPG,10.99,Bedroom,70149960
http://www.ikea.com/us/en/catalog/products/40289645/,DVALA,"Pillowcase, orange",http://www.ikea.com/us/en/images/products/dvala-pillowcase-orange__0282640_PE420277_S4.JPG,5.99,Bedroom,40289645
http://www.ikea.com/us/en/catalog/products/20145846/,DVALA,"Pillowcase, black",http://www.ikea.com/us/en/images/products/dvala-pillowcase-black__0427222_PE582696_S4.JPG,5.99,Bedroom,20145846
http://www.ikea.com/us/en/catalog/products/30150050/,DVALA,"Pillowcase, beige",http://www.ikea.com/us/en/images/products/dvala-pillowcase-beige__0427217_PE582691_S4.JPG,5.99,Bedroom,30150050
http://www.ikea.com/us/en/catalog/products/50150006/,DVALA,"Pillowcase, dark blue",http://www.ikea.com/us/en/images/products/dvala-pillowcase-blue__0427224_PE582698_S4.JPG,5.99,Bedroom,50150006
http://www.ikea.com/us/en/catalog/products/00149973/,DVALA,"Pillowcase, red",http://www.ikea.com/us/en/images/products/dvala-pillowcase-red__0427225_PE582699_S4.JPG,5.99,Bedroom,00149973
http://www.ikea.com/us/en/catalog/products/40315338/,DVALA,"Pillowcase, orange",http://www.ikea.com/us/en/images/products/dvala-pillowcase-orange__0406015_PE569346_S4.JPG,4.99,Bedroom,40315338
http://www.ikea.com/us/en/catalog/products/60315337/,DVALA,"Pillowcase, dark blue",http://www.ikea.com/us/en/images/products/dvala-pillowcase-blue__0406014_PE569345_S4.JPG,4.99,Bedroom,60315337
http://www.ikea.com/us/en/catalog/products/20315339/,DVALA,"Pillowcase, black",http://www.ikea.com/us/en/images/products/dvala-pillowcase-black__0406013_PE569344_S4.JPG,4.99,Bedroom,20315339
http://www.ikea.com/us/en/catalog/products/80315336/,DVALA,"Pillowcase, white",http://www.ikea.com/us/en/images/products/dvala-pillowcase-white__0406016_PE575098_S4.JPG,4.99,Bedroom,80315336
http://www.ikea.com/us/en/catalog/products/40150851/,DVALA,"Pillowcase for memory foam pillow, white",http://www.ikea.com/us/en/images/products/dvala-pillowcase-for-memory-foam-pillow-white__58763_PE164306_S4.JPG,6.99,Bedroom,40150851
http://www.ikea.com/us/en/catalog/products/10265250/,DVALA,"Sheet set, dark blue",http://www.ikea.com/us/en/images/products/dvala-sheet-set-blue__0169157_PE276962_S4.JPG,14.99,Bedroom,10265250
http://www.ikea.com/us/en/catalog/products/70265252/,DVALA,"Sheet set, white",http://www.ikea.com/us/en/images/products/dvala-sheet-set-white__0256975_PE401200_S4.JPG,14.99,Bedroom,70265252
http://www.ikea.com/us/en/catalog/products/20211068/,DVALA,"Sheet set, black",http://www.ikea.com/us/en/images/products/dvala-sheet-set-black__0120369_PE276948_S4.JPG,19.99,Bedroom,20211068
http://www.ikea.com/us/en/catalog/products/40211067/,DVALA,"Sheet set, beige",http://www.ikea.com/us/en/images/products/dvala-sheet-set-beige__0120368_PE276947_S4.JPG,19.99,Bedroom,40211067
http://www.ikea.com/us/en/catalog/products/40211072/,DVALA,"Sheet set, white",http://www.ikea.com/us/en/images/products/dvala-sheet-set-white__0256969_PE401158_S4.JPG,19.99,Bedroom,40211072
http://www.ikea.com/us/en/catalog/products/60211071/,DVALA,"Sheet set, red",http://www.ikea.com/us/en/images/products/dvala-sheet-set-red__0120372_PE276951_S4.JPG,19.99,Bedroom,60211071
http://www.ikea.com/us/en/catalog/products/80211070/,DVALA,"Sheet set, dark blue",http://www.ikea.com/us/en/images/products/dvala-sheet-set-blue__0120371_PE276950_S4.JPG,19.99,Bedroom,80211070
http://www.ikea.com/us/en/catalog/products/80262149/,DVÄRGPALM,"Cushion cover, multicolor",http://www.ikea.com/us/en/images/products/dvargpalm-cushion-cover-assorted-colors__0241646_PE379773_S4.JPG,5.00,Living room,80262149
http://www.ikea.com/us/en/catalog/products/40125786/,DYNING,"Canopy, wedge-shaped, white",http://www.ikea.com/us/en/images/products/dyning-canopy-white__39080_PE131401_S4.JPG,24.99,Outdoor,40125786
http://www.ikea.com/us/en/catalog/products/60125785/,DYNING,"Canopy, white",http://www.ikea.com/us/en/images/products/dyning-canopy-white__64533_PE173914_S4.JPG,24.99,Outdoor,60125785
http://www.ikea.com/us/en/catalog/products/10322651/,DYNT,"Rug, low pile, beige",http://www.ikea.com/us/en/images/products/dynt-rug-low-pile-beige__0458473_PE605597_S4.JPG,29.99,Living room,10322651
http://www.ikea.com/us/en/catalog/products/40325894/,DYNT,"Rug, low pile, gray",http://www.ikea.com/us/en/images/products/dynt-rug-low-pile-gray__0455318_PE603414_S4.JPG,29.99,Living room,40325894
http://www.ikea.com/us/en/catalog/products/50322649/,DYNT,"Rug, low pile, beige",http://www.ikea.com/us/en/images/products/dynt-rug-low-pile-beige__0455315_PE603411_S4.JPG,139.00,Living room,50322649
