http://www.ikea.com/us/en/catalog/products/40251930/,EBBARED,"Battery-operated clamp spotlight, white",http://www.ikea.com/us/en/images/products/ebbared-battery-operated-clamp-spotlight-white__0367766_PE549422_S4.JPG,3.99,Outdoor,40251930
http://www.ikea.com/us/en/catalog/products/90226170/,EDEBOVIKEN,"Sink, 1 bowl, white",http://www.ikea.com/us/en/images/products/edeboviken-sink-bowl-white__0404591_PE300035_S4.JPG,220.00,Bathroom,90226170
http://www.ikea.com/us/en/catalog/products/50226167/,EDEBOVIKEN,"Sink, 2 bowls, white",http://www.ikea.com/us/en/images/products/edeboviken-sink-bowls-white__0404575_PE300033_S4.JPG,250.00,Bathroom,50226167
http://www.ikea.com/us/en/catalog/products/10297977/,EDSVALLA,"Decoration for lamp shade, set 10, leaf",http://www.ikea.com/us/en/images/products/edsvalla-decoration-for-lamp-shade-set-__0369821_PE551572_S4.JPG,6.99,Living room,10297977
http://www.ikea.com/us/en/catalog/products/70054650/,EDSVIK,"Dual control kitchen faucet, chrome plated",http://www.ikea.com/us/en/images/products/edsvik-dual-control-kitchen-faucet__21801_PE097161_S4.JPG,49.99,Kitchen & appliances,70054650
http://www.ikea.com/us/en/catalog/products/40288354/,EFTERFRÅGAD,"Vacuum food container, stainless steel",http://www.ikea.com/us/en/images/products/efterfragad-vacuum-food-container__0314954_PE513599_S4.JPG,9.99,Small storage,40288354
http://www.ikea.com/us/en/catalog/products/20300984/,EFTERRÄTT,"Finials, 1 pair, white",http://www.ikea.com/us/en/images/products/efterratt-finials-pair-white__0323921_PE517229_S4.JPG,5.99,Living room,20300984
http://www.ikea.com/us/en/catalog/products/20287685/,EFTERSÖKT,"Travel mug, stainless steel",http://www.ikea.com/us/en/images/products/eftersokt-travel-mug__0314956_PE513600_S4.JPG,8.99,Eating,20287685
http://www.ikea.com/us/en/catalog/products/30289293/,EGERSTA,"Picture, Marilyn Monroe",http://www.ikea.com/us/en/images/products/egersta-picture__0340852_PE519084_S4.JPG,39.99,Decoration,30289293
http://www.ikea.com/us/en/catalog/products/50295288/,EGGEGRUND,"Shower curtain, green",http://www.ikea.com/us/en/images/products/eggegrund-shower-curtain-green__0374882_PE553822_S4.JPG,4.99,Bathroom,50295288
http://www.ikea.com/us/en/catalog/products/50209441/,EGGEGRUND,"Shower curtain, white",http://www.ikea.com/us/en/images/products/eggegrund-shower-curtain-white__0307529_PE427667_S4.JPG,4.99,Bathroom,50209441
http://www.ikea.com/us/en/catalog/products/20210356/,EIVOR CIRKEL,"Rug, high pile, white/blue",http://www.ikea.com/us/en/images/products/eivor-cirkel-rug-high-pile-assorted-colors__0142863_PE303657_S4.JPG,149.00,Living room,20210356
http://www.ikea.com/us/en/catalog/products/20225409/,EIVOR CIRKEL,"Rug, high pile, white, red",http://www.ikea.com/us/en/images/products/eivor-cirkel-rug-high-pile-white__0137766_PE296493_S4.JPG,149.00,Living room,20225409
http://www.ikea.com/us/en/catalog/products/10212129/,EIVOR,"Throw, black/white",http://www.ikea.com/us/en/images/products/eivor-throw-assorted-colors__0131072_PE285539_S4.JPG,24.99,Living room,10212129
http://www.ikea.com/us/en/catalog/products/90180209/,EKARP,"Floor lamp base, nickel plated",http://www.ikea.com/us/en/images/products/ekarp-floor-lamp-base__0106974_PE256426_S4.JPG,35.00,Living room,90180209
http://www.ikea.com/us/en/catalog/products/40180216/,EKARP,"Table lamp base, nickel plated",http://www.ikea.com/us/en/images/products/ekarp-table-lamp-base__0106975_PE256427_S4.JPG,12.00,Living room,40180216
http://www.ikea.com/us/en/catalog/products/80124657/,EKÅS,"Lamp shade, off-white",http://www.ikea.com/us/en/images/products/ekas-lamp-shade-white__0331369_PE522991_S4.JPG,14.99,Living room,80124657
http://www.ikea.com/us/en/catalog/products/00124656/,EKÅS,"Lamp shade, off-white",http://www.ikea.com/us/en/images/products/ekas-lamp-shade-white__72782_PE189021_S4.JPG,9.99,Living room,00124656
http://www.ikea.com/us/en/catalog/products/20124655/,EKÅS,"Lamp shade, off-white",http://www.ikea.com/us/en/images/products/ekas-lamp-shade-white__0331362_PE522989_S4.JPG,6.99,Living room,20124655
http://www.ikea.com/us/en/catalog/products/40274875/,EKBACKEN,"Countertop, double-sided, brown-black, light turquoise with brown-black edge",http://www.ikea.com/us/en/images/products/ekbacken-countertop-double-sided__0256630_PE400707_S4.JPG,99.00,Kitchen & appliances,40274875
http://www.ikea.com/us/en/catalog/products/60291341/,EKBACKEN,"Countertop, double-sided, light gray, white with white edge",http://www.ikea.com/us/en/images/products/ekbacken-countertop-double-sided__0314132_PE513612_S4.JPG,99.00,Kitchen & appliances,60291341
http://www.ikea.com/us/en/catalog/products/80274864/,EKBACKEN,"Countertop, black stone effect",http://www.ikea.com/us/en/images/products/ekbacken-countertop-black__0315381_PE513606_S4.JPG,99.00,Kitchen & appliances,80274864
http://www.ikea.com/us/en/catalog/products/60275218/,EKBACKEN,"Countertop, light oak effect",http://www.ikea.com/us/en/images/products/ekbacken-countertop__0322885_PE516361_S4.JPG,99.00,Kitchen & appliances,60275218
http://www.ikea.com/us/en/catalog/products/60275223/,EKBACKEN,"Countertop, dark oak effect",http://www.ikea.com/us/en/images/products/ekbacken-countertop__0322881_PE516363_S4.JPG,99.00,Kitchen & appliances,60275223
http://www.ikea.com/us/en/catalog/products/S99047697/,EKBY ALEX / EKBY LERBERG,"Shelf with drawer, white",http://www.ikea.com/us/en/images/products/ekby-alex-ekby-lerberg-shelf-with-drawer-white__0301766_PE426842_S4.JPG,50.99,Living room,99047697
http://www.ikea.com/us/en/catalog/products/S39047704/,EKBY HEMNES / EKBY HÅLL,"Wall shelf, black-brown, black",http://www.ikea.com/us/en/images/products/ekby-hemnes-ekby-hall-wall-shelf-black__0301894_PE426936_S4.JPG,22.99,Living room,39047704
http://www.ikea.com/us/en/catalog/products/S19903645/,EKBY HEMNES / EKBY HÅLL,"Wall shelf, white, black",http://www.ikea.com/us/en/images/products/ekby-hemnes-ekby-hall-wall-shelf-black__0148177_PE306473_S4.JPG,27.99,Living room,19903645
http://www.ikea.com/us/en/catalog/products/S79002478/,EKBY JÄRPEN / EKBY BJÄRNUM,"Wall shelf, white, aluminum",http://www.ikea.com/us/en/images/products/ekby-jarpen-ekby-bjarnum-wall-shelf-white__0121423_PE278127_S4.JPG,31.98,Living room,79002478
http://www.ikea.com/us/en/catalog/products/S09110872/,EKBY LAIVA / EKBY HÅLL,"Shelf, black-brown, black",http://www.ikea.com/us/en/images/products/ekby-laiva-ekby-hall-shelf-black__0363133_PE547740_S4.JPG,10.99,Living room,09110872
http://www.ikea.com/us/en/catalog/products/S09103739/,EKBY LAIVA / EKBY VALTER,"Shelf, black-brown, black",http://www.ikea.com/us/en/images/products/ekby-laiva-ekby-valter-shelf-black__0363136_PE547743_S4.JPG,8.99,Living room,09103739
http://www.ikea.com/us/en/catalog/products/S99119608/,EKBY MOSSBY / EKBY BJÄRNUM,"Wall shelf, stainless steel, aluminum",http://www.ikea.com/us/en/images/products/ekby-mossby-ekby-bjarnum-wall-shelf__0363138_PE547744_S4.JPG,51.98,Living room,99119608
http://www.ikea.com/us/en/catalog/products/S59119605/,EKBY MOSSBY / EKBY BJÄRNUM,"Wall shelf, stainless steel, aluminum",http://www.ikea.com/us/en/images/products/ekby-mossby-ekby-bjarnum-wall-shelf__0363139_PE547745_S4.JPG,26.99,Living room,59119605
http://www.ikea.com/us/en/catalog/products/S19119527/,EKBY ÖSTEN / EKBY HENSVIK,"Wall shelf, white",http://www.ikea.com/us/en/images/products/ekby-osten-ekby-hensvik-wall-shelf-white__0363143_PE547748_S4.JPG,21.99,Living room,19119527
http://www.ikea.com/us/en/catalog/products/S89119524/,EKBY ÖSTEN / EKBY HENSVIK,"Wall shelf, white",http://www.ikea.com/us/en/images/products/ekby-osten-ekby-hensvik-wall-shelf-white__0363140_PE547746_S4.JPG,18.99,Living room,89119524
http://www.ikea.com/us/en/catalog/products/S59119530/,EKBY ÖSTEN / EKBY LERBERG,"Wall shelf, white",http://www.ikea.com/us/en/images/products/ekby-osten-ekby-lerberg-wall-shelf-white__0363144_PE547749_S4.JPG,13.99,Living room,59119530
http://www.ikea.com/us/en/catalog/products/S99119528/,EKBY ÖSTEN / EKBY LERBERG,"Wall shelf, white",http://www.ikea.com/us/en/images/products/ekby-osten-ekby-lerberg-wall-shelf-white__0363147_PE547751_S4.JPG,10.99,Living room,99119528
http://www.ikea.com/us/en/catalog/products/S89920694/,EKBY ÖSTEN / EKBY VALTER,"Wall shelf, white, birch",http://www.ikea.com/us/en/images/products/ekby-osten-ekby-valter-wall-shelf-white__0165736_PE320744_S4.JPG,12.99,Living room,89920694
http://www.ikea.com/us/en/catalog/products/S69048170/,EKBY TONY / EKBY BJÄRNUM,"Wall shelf, high gloss white, aluminum",http://www.ikea.com/us/en/images/products/ekby-tony-ekby-bjarnum-wall-shelf-white__0302415_PE427047_S4.JPG,34.99,Living room,69048170
http://www.ikea.com/us/en/catalog/products/30276667/,EKENÄS,"Chair, Hensta light brown",http://www.ikea.com/us/en/images/products/ekenas-chair-brown__0239914_PE379569_S4.JPG,299.00,Living room,30276667
http://www.ikea.com/us/en/catalog/products/00276683/,EKENÄS,"Footstool, Hensta light brown",http://www.ikea.com/us/en/images/products/ekenas-footstool-brown__0239941_PE379581_S4.JPG,99.00,Living room,00276683
http://www.ikea.com/us/en/catalog/products/50262872/,EKERÖ,"Chair, Skiftebo beige",http://www.ikea.com/us/en/images/products/ekero-chair-beige__0204746_PE359786_S4.JPG,139.00,Living room,50262872
http://www.ikea.com/us/en/catalog/products/50262891/,EKERÖ,"Chair, Laglig Kimstad black",http://www.ikea.com/us/en/images/products/ekero-chair-black__0204740_PE359785_S4.JPG,149.00,Living room,50262891
http://www.ikea.com/us/en/catalog/products/00285282/,EKERÖN,"Chair pad, outdoor, black, stripe",http://www.ikea.com/us/en/images/products/ekeron-chair-pad-outdoor-black__0307882_PE427871_S4.JPG,12.99,Outdoor,00285282
http://www.ikea.com/us/en/catalog/products/50285289/,EKERÖN,"Chair pad, outdoor, black, stripe",http://www.ikea.com/us/en/images/products/ekeron-chair-pad-outdoor-black__0307868_PE513621_S4.JPG,9.99,Outdoor,50285289
http://www.ikea.com/us/en/catalog/products/90285292/,EKERÖN,"Chaise pad, black, stripe",http://www.ikea.com/us/en/images/products/ekeron-chaise-pad-black__0307891_PE427872_S4.JPG,49.99,Outdoor,90285292
http://www.ikea.com/us/en/catalog/products/40285299/,EKERÖN,"Seat/back pad, outdoor, black, stripe",http://www.ikea.com/us/en/images/products/ekeron-seat-back-pad-outdoor-black__0307897_PE427893_S4.JPG,29.99,Outdoor,40285299
http://www.ikea.com/us/en/catalog/products/30193139/,EKNE,"Mirror, oval",http://www.ikea.com/us/en/images/products/ekne-mirror__0119704_PE276136_S4.JPG,49.99,Bedroom,30193139
http://www.ikea.com/us/en/catalog/products/50193138/,EKNE,Mirror,http://www.ikea.com/us/en/images/products/ekne-mirror__0119705_PE276137_S4.JPG,19.99,Bedroom,50193138
http://www.ikea.com/us/en/catalog/products/80193066/,EKNE,"Room divider, gray, white",http://www.ikea.com/us/en/images/products/ekne-room-divider-gray__0131271_PE285817_S4.JPG,49.99,Hallway,80193066
http://www.ikea.com/us/en/catalog/products/00291508/,EKOLN,"Soap dish, dark gray",http://www.ikea.com/us/en/images/products/ekoln-soap-dish-gray__0365744_PE548437_S4.JPG,3.99,Bathroom,00291508
http://www.ikea.com/us/en/catalog/products/30293049/,EKOLN,"Soap dispenser, light blue",http://www.ikea.com/us/en/images/products/ekoln-soap-dispenser-blue__0365752_PE548441_S4.JPG,6.99,Bathroom,30293049
http://www.ikea.com/us/en/catalog/products/00306784/,EKOLN,"Toothbrush holder, light blue",http://www.ikea.com/us/en/images/products/ekoln-toothbrush-holder-blue__0378650_PE554304_S4.JPG,4.99,Bathroom,00306784
http://www.ikea.com/us/en/catalog/products/S19809351/,EKORRE,"Hanging seat with air element, silver color",http://www.ikea.com/us/en/images/products/ekorre-hanging-seat-with-air-element__37510_PE129491_S4.JPG,39.99,Children's IKEA,19809351
http://www.ikea.com/us/en/catalog/products/80041049/,EKORRE,"Hook, 2-pack",http://www.ikea.com/us/en/images/products/ekorre-hook-pack__13514_PE093761_S4.JPG,3.00,Children's IKEA,80041049
http://www.ikea.com/us/en/catalog/products/50060713/,EKORRE,"Rocking moose, red, rubberwood",http://www.ikea.com/us/en/images/products/ekorre-rocking-moose-red__21389_PE106307_S4.JPG,39.99,Children's IKEA,50060713
http://www.ikea.com/us/en/catalog/products/00319084/,ELDBLOMMA,"Cushion cover, bird, tree",http://www.ikea.com/us/en/images/products/eldblomma-cushion-cover__0311775_PE429477_S4.JPG,9.00,Living room,00319084
http://www.ikea.com/us/en/catalog/products/20288703/,ELDIG,"4 burner gas cooktop, Stainless steel",http://www.ikea.com/us/en/images/products/eldig-burner-gas-cooktop__0307962_PE428001_S4.JPG,349.00,Kitchen & appliances,20288703
http://www.ikea.com/us/en/catalog/products/10288690/,ELDIG,"4 element glass ceramic cooktop, black",http://www.ikea.com/us/en/images/products/eldig-element-glass-ceramic-cooktop-black__0307963_PE428002_S4.JPG,399.00,Kitchen & appliances,10288690
http://www.ikea.com/us/en/catalog/products/50251816/,ELDSHULT,Floor lamp,http://www.ikea.com/us/en/images/products/eldshult-floor-lamp__0169818_PE325167_S4.JPG,49.99,Living room,50251816
http://www.ikea.com/us/en/catalog/products/30251817/,ELDSHULT,Table lamp,http://www.ikea.com/us/en/images/products/eldshult-table-lamp__0343155_PE530289_S4.JPG,39.99,Living room,30251817
http://www.ikea.com/us/en/catalog/products/70069637/,ELLY,"Dish towel, white, blue",http://www.ikea.com/us/en/images/products/elly-dish-towel-white__36884_PE128154_S4.JPG,3.99,Textiles & Rugs,70069637
http://www.ikea.com/us/en/catalog/products/40277765/,ELLY,"Dish towel, white, green",http://www.ikea.com/us/en/images/products/elly-dish-towel-white__0276959_PE415682_S4.JPG,3.99,Textiles & Rugs,40277765
http://www.ikea.com/us/en/catalog/products/20231617/,ELSABO,"Decorative stickers, green leaves",http://www.ikea.com/us/en/images/products/elsabo-decorative-stickers__0176822_PE329569_S4.JPG,12.99,Decoration,20231617
http://www.ikea.com/us/en/catalog/products/50307861/,ELSEBET,"Chair pad, beige",http://www.ikea.com/us/en/images/products/elsebet-chair-pad-beige__0138185_PE297343_S4.JPG,12.99,Textiles & Rugs,50307861
http://www.ikea.com/us/en/catalog/products/40211576/,ELVERDAM,"Kitchen faucet, stainless steel color",http://www.ikea.com/us/en/images/products/elverdam-kitchen-faucet-gray__0173584_PE327697_S4.JPG,149.00,Kitchen & appliances,40211576
http://www.ikea.com/us/en/catalog/products/40113383/,ELVERDAM,"Single lever kitchen faucet, pull-out, stainless steel color",http://www.ikea.com/us/en/images/products/elverdam-single-lever-kitchen-faucet-gray__74288_PE191093_S4.JPG,179.00,Kitchen & appliances,40113383
http://www.ikea.com/us/en/catalog/products/80217915/,EMMIE RAND,"Fabric, pink",http://www.ikea.com/us/en/images/products/emmie-rand-fabric-pink__0134154_PE290055_S4.JPG,8.99,Living room,80217915
http://www.ikea.com/us/en/catalog/products/50217912/,EMMIE ROS,"Fabric, multicolor",http://www.ikea.com/us/en/images/products/emmie-ros-fabric-assorted-colors__0134155_PE290056_S4.JPG,6.99,Living room,50217912
http://www.ikea.com/us/en/catalog/products/90261408/,EMMIE RUTA,"Duvet cover and pillowcase(s), gray, white         39.99",http://www.ikea.com/us/en/images/products/emmie-ruta-duvet-cover-and-pillowcase-s-gray__0409540_PE569837_S4.JPG,29.99,Bedroom,90261408
http://www.ikea.com/us/en/catalog/products/60219977/,EMMIE RUTA,"Duvet cover and pillowcase(s), beige, white         39.99",http://www.ikea.com/us/en/images/products/emmie-ruta-duvet-cover-and-pillowcase-s-white__0409539_PE569836_S4.JPG,29.99,Bedroom,60219977
http://www.ikea.com/us/en/catalog/products/80216708/,EMMIE RUTA,"Duvet cover and pillowcase(s), pink, white         39.99",http://www.ikea.com/us/en/images/products/emmie-ruta-duvet-cover-and-pillowcase-s-pink__0409509_PE569806_S4.JPG,29.99,Bedroom,80216708
http://www.ikea.com/us/en/catalog/products/S49817378/,EMSEN,"Double bowl corner sink, stainless steel",http://www.ikea.com/us/en/images/products/emsen-double-bowl-corner-sink__33158_PE123240_S4.JPG,152.98,Kitchen & appliances,49817378
http://www.ikea.com/us/en/catalog/products/30315999/,ENIGT,"Milk/cream pitcher, off-white, green",http://www.ikea.com/us/en/images/products/enigt-milk-cream-pitcher-white__0377185_PE553941_S4.JPG,3.99,Eating,30315999
http://www.ikea.com/us/en/catalog/products/70298281/,ENIGT,"Napkin, white",http://www.ikea.com/us/en/images/products/enigt-napkin-white__0378999_PE556393_S4.JPG,7.99,Eating,70298281
http://www.ikea.com/us/en/catalog/products/90298275/,ENIGT,"Tablecloth, white, flower",http://www.ikea.com/us/en/images/products/enigt-tablecloth-white__0379007_PE556397_S4.JPG,19.99,Textiles & Rugs,90298275
http://www.ikea.com/us/en/catalog/products/20281382/,ENSEN,"Bath faucet with strainer, chrome plated",http://www.ikea.com/us/en/images/products/ensen-bath-faucet-with-strainer__0404534_PE413892_S4.JPG,49.99,Bathroom,20281382
http://www.ikea.com/us/en/catalog/products/10239888/,ENSIDIG,"Vase, clear glass",http://www.ikea.com/us/en/images/products/ensidig-vase__0183692_PE334728_S4.JPG,3.99,Decoration,10239888
http://www.ikea.com/us/en/catalog/products/40233149/,ENSIDIG,"Vase, clear glass",http://www.ikea.com/us/en/images/products/ensidig-vase__0183694_PE334729_S4.JPG,1.99,Decoration,40233149
http://www.ikea.com/us/en/catalog/products/20300601/,ENTRERÄTT,"Finials, 1 pair, white",http://www.ikea.com/us/en/images/products/entreratt-finials-pair-white__0324053_PE517228_S4.JPG,5.99,Living room,20300601
http://www.ikea.com/us/en/catalog/products/80295606/,ENVIS,"Pastry brush, set of 2, white, red",http://www.ikea.com/us/en/images/products/envis-pastry-brush-set-of-white__0093526_PE231131_S4.JPG,3.99,Cooking,80295606
http://www.ikea.com/us/en/catalog/products/70288357/,ERFORDERLIG,"Lunch bag, green",http://www.ikea.com/us/en/images/products/erforderlig-lunch-bag-green__0314943_PE513630_S4.JPG,5.99,Small storage,70288357
http://www.ikea.com/us/en/catalog/products/40284803/,ERIKSDAL,"Handle, white",http://www.ikea.com/us/en/images/products/eriksdal-handle-white__0290551_PE424873_S4.JPG,7.99,Living room,40284803
http://www.ikea.com/us/en/catalog/products/20284804/,ERIKSDAL,"Knob, white",http://www.ikea.com/us/en/images/products/eriksdal-knob-white__0290553_PE424874_S4.JPG,3.99,Living room,20284804
http://www.ikea.com/us/en/catalog/products/50232168/,ERIKSLUND,"Picture, myrtle",http://www.ikea.com/us/en/images/products/erikslund-picture__0195796_PE351386_S4.JPG,9.99,Decoration,50232168
http://www.ikea.com/us/en/catalog/products/30231730/,ERIKSLUND,"Picture, Aquilegia study",http://www.ikea.com/us/en/images/products/erikslund-picture__0208205_PE362134_S4.JPG,9.99,Decoration,30231730
http://www.ikea.com/us/en/catalog/products/70259246/,ERIKSLUND,"Picture, dream tree",http://www.ikea.com/us/en/images/products/erikslund-picture__0300658_PE426385_S4.JPG,9.99,Decoration,70259246
http://www.ikea.com/us/en/catalog/products/00287974/,ERNFRID,"Underframe, birch, silver color",http://www.ikea.com/us/en/images/products/ernfrid-underframe__0375998_PE553898_S4.JPG,40.00,Dining,00287974
http://www.ikea.com/us/en/catalog/products/90293230/,ERSKA,"Sofa bed, Skiftebo orange",http://www.ikea.com/us/en/images/products/erska-sofa-bed-orange__0367137_PE549069_S4.JPG,399.00,Living room,90293230
http://www.ikea.com/us/en/catalog/products/90144886/,ESPRESSOKAFFE,"Espresso, Utz certified",http://www.ikea.com/us/en/images/products/espressokaffe-espresso__0087050_PE215998_S4.JPG,3.99,Food,90144886
http://www.ikea.com/us/en/catalog/products/70299563/,EVENTUELL,"Built-in extractor hood, Stainless steel",http://www.ikea.com/us/en/images/products/eventuell-built-in-extractor-hood__0206209_PE360298_S4.JPG,399.00,Kitchen & appliances,70299563
