http://www.ikea.com/us/en/catalog/products/20324503/,HAGAVIKEN,"Sink, 1 bowl, white",http://www.ikea.com/us/en/images/products/hagaviken-sink-bowl-white__0418556_PE575597_S4.JPG,90.00,Bathroom,20324503
http://www.ikea.com/us/en/catalog/products/60299002/,HAGGE,"TV unit, black",http://www.ikea.com/us/en/images/products/hagge-tv-unit-black__0326271_PE518313_S4.JPG,59.00,Living room,60299002
http://www.ikea.com/us/en/catalog/products/70299006/,HAGGE,"TV unit, white",http://www.ikea.com/us/en/images/products/hagge-tv-unit-white__0326281_PE518316_S4.JPG,79.00,Living room,70299006
http://www.ikea.com/us/en/catalog/products/00300541/,HÄGGUM,"Recessed spotlight, indoor/outdoor, adjustable white",http://www.ikea.com/us/en/images/products/haggum-recessed-spotlight-white__0372137_PE552904_S4.JPG,19.99,Living room,00300541
http://www.ikea.com/us/en/catalog/products/40300539/,HÄGGUM,"Recessed spotlight, indoor/outdoor, white",http://www.ikea.com/us/en/images/products/haggum-recessed-spotlight-white__0372142_PE552903_S4.JPG,12.99,Living room,40300539
http://www.ikea.com/us/en/catalog/products/60264366/,HÄLLESTAD,"Countertop, double-sided, white, aluminum effect with metal effect edge",http://www.ikea.com/us/en/images/products/hallestad-countertop-double-sided__73027_PE189296_S4.JPG,109.00,Kitchen & appliances,60264366
http://www.ikea.com/us/en/catalog/products/S99021372/,HÄLLVIKEN,"1 bowl insert sink, drain+strainer, black quartz composite, quartz composite",http://www.ikea.com/us/en/images/products/hallviken-bowl-insert-sink-drain-strainer-black__0400817_PE565738_S4.JPG,205.99,Kitchen & appliances,99021372
http://www.ikea.com/us/en/catalog/products/S19119730/,HÄLLVIKEN,"1 bowl insert sink, drain+strainer, white, quartz composite",http://www.ikea.com/us/en/images/products/hallviken-bowl-insert-sink-drain-strainer-white__0366188_PE552259_S4.JPG,205.99,Kitchen & appliances,19119730
http://www.ikea.com/us/en/catalog/products/30292163/,HÄLSA,"Steel vacuum flask, green",http://www.ikea.com/us/en/images/products/halsa-steel-vacuum-flask-green__0271927_PE413720_S4.JPG,6.99,Eating,30292163
http://www.ikea.com/us/en/catalog/products/00274962/,HAMMARP,"Countertop, beech",http://www.ikea.com/us/en/images/products/hammarp-countertop__0315457_PE516148_S4.JPG,169.00,Kitchen & appliances,00274962
http://www.ikea.com/us/en/catalog/products/60274964/,HAMMARP,"Countertop, oak",http://www.ikea.com/us/en/images/products/hammarp-countertop__0315450_PE516150_S4.JPG,189.00,Kitchen & appliances,60274964
http://www.ikea.com/us/en/catalog/products/80274963/,HAMMARP,"Countertop, birch",http://www.ikea.com/us/en/images/products/hammarp-countertop__0315448_PE516152_S4.JPG,149.00,Kitchen & appliances,80274963
http://www.ikea.com/us/en/catalog/products/20262114/,HAMNVIKEN,"Sink, 1 bowl",http://www.ikea.com/us/en/images/products/hamnviken-sink-bowl__0405657_PE381819_S4.JPG,90.00,Bathroom,20262114
http://www.ikea.com/us/en/catalog/products/80312012/,HÅMÖ,"Beach chair, foldable, light blue",http://www.ikea.com/us/en/images/products/hamo-beach-chair-blue__0399827_PE565949_S4.JPG,12.99,Outdoor,80312012
http://www.ikea.com/us/en/catalog/products/80312007/,HÅMÖ,"Chaise, light blue",http://www.ikea.com/us/en/images/products/hamo-chaise-blue__0399835_PE565958_S4.JPG,29.99,Outdoor,80312007
http://www.ikea.com/us/en/catalog/products/20312010/,HÅMÖ,"Reclining chair, foldable, light blue",http://www.ikea.com/us/en/images/products/hamo-reclining-chair-blue__0399831_PE565946_S4.JPG,19.99,Outdoor,20312010
http://www.ikea.com/us/en/catalog/products/20269747/,HAMPDÅN,"Pillow, firmer",http://www.ikea.com/us/en/images/products/hampdan-pillow-firmer__0311347_PE407277_S4.JPG,9.99,Children's IKEA,20269747
http://www.ikea.com/us/en/catalog/products/50269755/,HAMPDÅN,"Pillow, softer",http://www.ikea.com/us/en/images/products/hampdan-pillow-softer__0311346_PE407276_S4.JPG,5.99,Children's IKEA,50269755
http://www.ikea.com/us/en/catalog/products/00124152/,HAMPEN,"Rug, high pile, black",http://www.ikea.com/us/en/images/products/hampen-rug-high-pile-black__76422_PE196054_S4.JPG,39.99,Living room,00124152
http://www.ikea.com/us/en/catalog/products/20259300/,HAMPEN,"Rug, high pile, beige",http://www.ikea.com/us/en/images/products/hampen-rug-high-pile-beige__0185428_PE337392_S4.JPG,39.99,Living room,20259300
http://www.ikea.com/us/en/catalog/products/30305759/,HAMPEN,"Rug, high pile, orange",http://www.ikea.com/us/en/images/products/hampen-rug-high-pile-orange__0351013_PE536654_S4.JPG,9.99,Living room,30305759
http://www.ikea.com/us/en/catalog/products/50203788/,HAMPEN,"Rug, high pile, bright green",http://www.ikea.com/us/en/images/products/hampen-rug-high-pile-green__0118952_PE275055_S4.JPG,9.99,Living room,50203788
http://www.ikea.com/us/en/catalog/products/50313013/,HAMPEN,"Rug, high pile, gray",http://www.ikea.com/us/en/images/products/hampen-rug-high-pile-gray__0371228_PE553828_S4.JPG,59.99,Living room,50313013
http://www.ikea.com/us/en/catalog/products/60178769/,HÄNGA,"Children's coat-hanger, natural",http://www.ikea.com/us/en/images/products/hanga-children-s-coat-hanger-beige__75949_PE195239_S4.JPG,2.99,Children's IKEA,60178769
http://www.ikea.com/us/en/catalog/products/50289517/,HÄNGSYREN,"Pot holder, gray",http://www.ikea.com/us/en/images/products/hangsyren-pot-holder-gray__0110426_PE260760_S4.JPG,2.99,Textiles & Rugs,50289517
http://www.ikea.com/us/en/catalog/products/20267055/,HÄREN,"Bath sheet, orange",http://www.ikea.com/us/en/images/products/haren-bath-sheet-orange__0277819_PE417246_S4.JPG,6.99,Bathroom,20267055
http://www.ikea.com/us/en/catalog/products/20295845/,HÄREN,"Bath sheet, pink",http://www.ikea.com/us/en/images/products/haren-bath-sheet-pink__0302016_PE426939_S4.JPG,6.99,Bathroom,20295845
http://www.ikea.com/us/en/catalog/products/60295829/,HÄREN,"Bath sheet, bright yellow",http://www.ikea.com/us/en/images/products/haren-bath-sheet-yellow__0301973_PE426943_S4.JPG,6.99,Bathroom,60295829
http://www.ikea.com/us/en/catalog/products/00163558/,HÄREN,"Bath sheet, white",http://www.ikea.com/us/en/images/products/haren-bath-sheet-white__0104143_PE250909_S4.JPG,6.99,Bathroom,00163558
http://www.ikea.com/us/en/catalog/products/60163560/,HÄREN,"Bath sheet, turquoise",http://www.ikea.com/us/en/images/products/haren-bath-sheet-turquoise__0104142_PE250908_S4.JPG,6.99,Bathroom,60163560
http://www.ikea.com/us/en/catalog/products/80163564/,HÄREN,"Bath sheet, green",http://www.ikea.com/us/en/images/products/haren-bath-sheet-green__0104138_PE250904_S4.JPG,6.99,Bathroom,80163564
http://www.ikea.com/us/en/catalog/products/70267053/,HÄREN,"Bath towel, orange         2.99",http://www.ikea.com/us/en/images/products/haren-bath-towel-orange__0277819_PE417246_S4.JPG,2.49,Bathroom,70267053
http://www.ikea.com/us/en/catalog/products/00295827/,HÄREN,"Bath towel, bright yellow         2.99",http://www.ikea.com/us/en/images/products/haren-bath-towel-yellow__0301973_PE426943_S4.JPG,2.49,Bathroom,00295827
http://www.ikea.com/us/en/catalog/products/90295842/,HÄREN,"Bath towel, pink         2.99",http://www.ikea.com/us/en/images/products/haren-bath-towel-pink__0302016_PE426939_S4.JPG,2.49,Bathroom,90295842
http://www.ikea.com/us/en/catalog/products/10163548/,HÄREN,"Bath towel, turquoise         2.99",http://www.ikea.com/us/en/images/products/haren-bath-towel-turquoise__0104142_PE250908_S4.JPG,2.49,Bathroom,10163548
http://www.ikea.com/us/en/catalog/products/30163552/,HÄREN,"Bath towel, green         2.99",http://www.ikea.com/us/en/images/products/haren-bath-towel-green__0104138_PE250904_S4.JPG,2.49,Bathroom,30163552
http://www.ikea.com/us/en/catalog/products/50163546/,HÄREN,"Bath towel, white         2.99",http://www.ikea.com/us/en/images/products/haren-bath-towel-white__0104143_PE250909_S4.JPG,2.49,Bathroom,50163546
http://www.ikea.com/us/en/catalog/products/40267059/,HÄREN,"Hand towel, orange",http://www.ikea.com/us/en/images/products/haren-hand-towel-orange__0277819_PE417246_S4.JPG,1.99,Bathroom,40267059
http://www.ikea.com/us/en/catalog/products/40295849/,HÄREN,"Hand towel, pink",http://www.ikea.com/us/en/images/products/haren-hand-towel-pink__0302016_PE426939_S4.JPG,1.99,Bathroom,40295849
http://www.ikea.com/us/en/catalog/products/80295833/,HÄREN,"Hand towel, bright yellow",http://www.ikea.com/us/en/images/products/haren-hand-towel-yellow__0301973_PE426943_S4.JPG,1.99,Bathroom,80295833
http://www.ikea.com/us/en/catalog/products/00173109/,HÄREN,"Hand towel, green",http://www.ikea.com/us/en/images/products/haren-hand-towel-green__0104138_PE250904_S4.JPG,1.99,Bathroom,00173109
http://www.ikea.com/us/en/catalog/products/10173118/,HÄREN,"Hand towel, turquoise",http://www.ikea.com/us/en/images/products/haren-hand-towel-turquoise__0104142_PE250908_S4.JPG,1.99,Bathroom,10173118
http://www.ikea.com/us/en/catalog/products/70173120/,HÄREN,"Hand towel, white",http://www.ikea.com/us/en/images/products/haren-hand-towel-white__0104143_PE250909_S4.JPG,1.99,Bathroom,70173120
http://www.ikea.com/us/en/catalog/products/60267063/,HÄREN,"Washcloth, orange",http://www.ikea.com/us/en/images/products/haren-washcloth-orange__0277819_PE417246_S4.JPG,2.99,Bathroom,60267063
http://www.ikea.com/us/en/catalog/products/60295853/,HÄREN,"Washcloth, pink",http://www.ikea.com/us/en/images/products/haren-washcloth-pink__0302016_PE426939_S4.JPG,2.99,Bathroom,60295853
http://www.ikea.com/us/en/catalog/products/90295837/,HÄREN,"Washcloth, bright yellow",http://www.ikea.com/us/en/images/products/haren-washcloth-yellow__0301973_PE426943_S4.JPG,2.99,Bathroom,90295837
http://www.ikea.com/us/en/catalog/products/20163595/,HÄREN,"Washcloth, white",http://www.ikea.com/us/en/images/products/haren-washcloth-white__0104143_PE250909_S4.JPG,2.99,Bathroom,20163595
http://www.ikea.com/us/en/catalog/products/70163606/,HÄREN,"Washcloth, green",http://www.ikea.com/us/en/images/products/haren-washcloth-green__0104138_PE250904_S4.JPG,2.99,Bathroom,70163606
http://www.ikea.com/us/en/catalog/products/80163597/,HÄREN,"Washcloth, turquoise",http://www.ikea.com/us/en/images/products/haren-washcloth-turquoise__0104142_PE250908_S4.JPG,2.99,Bathroom,80163597
http://www.ikea.com/us/en/catalog/products/80311159/,HÅRFIN,"Candlestick/candleholder, set of 3, gray",http://www.ikea.com/us/en/images/products/harfin-candlestick-candleholder-set-of-gray__0375335_PE556760_S4.JPG,19.99,Decoration,80311159
http://www.ikea.com/us/en/catalog/products/20105831/,HARRY,"Chair, birch, Blekinge white",http://www.ikea.com/us/en/images/products/harry-chair-white__58893_PE164498_S4.JPG,49.00,Dining,20105831
http://www.ikea.com/us/en/catalog/products/30266989/,HÅRTE,"LED work lamp, black, silver color         19.99",http://www.ikea.com/us/en/images/products/harte-led-work-lamp-black__0300785_PE383095_S4.JPG,14.99,Living room,30266989
http://www.ikea.com/us/en/catalog/products/10186615/,HASSELNÖT,"Plant pot, silver color",http://www.ikea.com/us/en/images/products/hasselnot-plant-pot__0119553_PE275934_S4.JPG,29.99,Decoration,10186615
http://www.ikea.com/us/en/catalog/products/40186614/,HASSELNÖT,"Plant pot, black",http://www.ikea.com/us/en/images/products/hasselnot-plant-pot-black__0119552_PE275933_S4.JPG,29.99,Decoration,40186614
http://www.ikea.com/us/en/catalog/products/S99165855/,HASSELVIKA,"Bed frame, black-brown",http://www.ikea.com/us/en/images/products/hasselvika-bed-frame__0426376_PE582139_S4.JPG,279.00,Bedroom,99165855
http://www.ikea.com/us/en/catalog/products/40281183/,HASSELVIKA,"TV unit with drawers, black-brown",http://www.ikea.com/us/en/images/products/hasselvika-tv-unit-with-drawers__0372950_PE552226_S4.JPG,349.00,Living room,40281183
http://www.ikea.com/us/en/catalog/products/30307409/,HASVÅG,"Spring mattress, medium firm, beige",http://www.ikea.com/us/en/images/products/hasvag-spring-mattress-beige__0378876_PE561446_S4.JPG,119.00,Bedroom,30307409
http://www.ikea.com/us/en/catalog/products/40307418/,HAUGESUND,"Spring mattress, medium firm, dark beige",http://www.ikea.com/us/en/images/products/haugesund-spring-mattress-beige__0382613_PE561452_S4.JPG,169.00,Bedroom,40307418
http://www.ikea.com/us/en/catalog/products/30307428/,HAUGSVÄR,"Spring mattress, medium firm, dark gray",http://www.ikea.com/us/en/images/products/haugsvar-spring-mattress-gray__0382969_PE561456_S4.JPG,299.00,Bedroom,30307428
http://www.ikea.com/us/en/catalog/products/00072068/,HAVBRO,"Rug, low pile, off-white",http://www.ikea.com/us/en/images/products/havbro-rug-low-pile-white__34165_PE124067_S4.JPG,199.00,Living room,00072068
http://www.ikea.com/us/en/catalog/products/00264736/,HAVERDAL,"Frame, gray",http://www.ikea.com/us/en/images/products/haverdal-frame-gray__0279680_PE418957_S4.JPG,5.99,Decoration,00264736
http://www.ikea.com/us/en/catalog/products/30310218/,HAVNSÖ,"Rug, low pile, multicolor",http://www.ikea.com/us/en/images/products/havnso-rug-low-pile-assorted-colors__0385026_PE559050_S4.JPG,99.00,Living room,30310218
http://www.ikea.com/us/en/catalog/products/87077700/,HEAT,"Trivet, cork",http://www.ikea.com/us/en/images/products/heat-trivet__27830_PE114220_S4.JPG,3.99,Cooking,87077700
http://www.ikea.com/us/en/catalog/products/20264033/,HEDBLOMSTER,"Cushion, multicolor",http://www.ikea.com/us/en/images/products/hedblomster-cushion-assorted-colors__0243144_PE382472_S4.JPG,19.99,Living room,20264033
http://www.ikea.com/us/en/catalog/products/50046152/,HEDRA,"Knob, anthracite",http://www.ikea.com/us/en/images/products/hedra-knob-gray__20397_PE097019_S4.JPG,4.99,Living room,50046152
http://www.ikea.com/us/en/catalog/products/S39031411/,HEJNE,"1 section, softwood",http://www.ikea.com/us/en/images/products/hejne-section__0276435_PE414896_S4.JPG,34.00,Secondary storage,39031411
http://www.ikea.com/us/en/catalog/products/S09031417/,HEJNE,"2 sections, softwood",http://www.ikea.com/us/en/images/products/hejne-sections__0276907_PE415544_S4.JPG,69.47,Secondary storage,09031417
http://www.ikea.com/us/en/catalog/products/S99031408/,HEJNE,"3 sections/shelves, softwood",http://www.ikea.com/us/en/images/products/hejne-sections-shelves__0276434_PE414891_S4.JPG,158.00,Secondary storage,99031408
http://www.ikea.com/us/en/catalog/products/S49046978/,HEJNE,"4 sections with shelves, softwood",http://www.ikea.com/us/en/images/products/hejne-sections-with-shelves__0300667_PE426390_S4.JPG,149.50,Secondary storage,49046978
http://www.ikea.com/us/en/catalog/products/90286673/,HEJNE,"End cap, gray",http://www.ikea.com/us/en/images/products/hejne-end-cap-gray__0276139_PE414391_S4.JPG,0.99,Secondary storage,90286673
http://www.ikea.com/us/en/catalog/products/00286677/,HEJNE,"Post, softwood",http://www.ikea.com/us/en/images/products/hejne-post__0276149_PE414329_S4.JPG,5.50,Secondary storage,00286677
http://www.ikea.com/us/en/catalog/products/00287808/,HEJNE,"Shelf, softwood",http://www.ikea.com/us/en/images/products/hejne-shelf__0276153_PE414331_S4.JPG,9.00,Secondary storage,00287808
http://www.ikea.com/us/en/catalog/products/20297496/,HEKTAR,"Ceiling track, 3 spotlights, bronze color",http://www.ikea.com/us/en/images/products/hektar-ceiling-track-spotlights-yellow__0314683_PE516621_S4.JPG,29.99,Living room,20297496
http://www.ikea.com/us/en/catalog/products/40297495/,HEKTAR,"Ceiling track, 3 spotlights, dark gray",http://www.ikea.com/us/en/images/products/hektar-ceiling-track-spotlights-gray__0314681_PE516622_S4.JPG,29.99,Living room,40297495
http://www.ikea.com/us/en/catalog/products/70293354/,HEKTAR,"Floor lamp, bronze color         69.99",http://www.ikea.com/us/en/images/products/hektar-floor-lamp-yellow__0301867_PE426878_S4.JPG,49.99,Living room,70293354
http://www.ikea.com/us/en/catalog/products/70216544/,HEKTAR,"Floor lamp, dark gray         69.99",http://www.ikea.com/us/en/images/products/hektar-floor-lamp-gray__0149974_PE308131_S4.JPG,49.99,Living room,70216544
http://www.ikea.com/us/en/catalog/products/50293374/,HEKTAR,"Pendant lamp, bronze color         69.99",http://www.ikea.com/us/en/images/products/hektar-pendant-lamp-yellow__0301869_PE426880_S4.JPG,59.99,Living room,50293374
http://www.ikea.com/us/en/catalog/products/70293368/,HEKTAR,"Pendant lamp, bronze color         29.99",http://www.ikea.com/us/en/images/products/hektar-pendant-lamp-yellow__0301868_PE426879_S4.JPG,24.99,Living room,70293368
http://www.ikea.com/us/en/catalog/products/20296109/,HEKTAR,"Pendant lamp, dark gray",http://www.ikea.com/us/en/images/products/hektar-pendant-lamp-gray__0327489_PE518860_S4.JPG,49.99,Living room,20296109
http://www.ikea.com/us/en/catalog/products/20296114/,HEKTAR,"Pendant lamp, bronze color",http://www.ikea.com/us/en/images/products/hektar-pendant-lamp-yellow__0327490_PE518861_S4.JPG,49.99,Living room,20296114
http://www.ikea.com/us/en/catalog/products/40216531/,HEKTAR,"Pendant lamp, dark gray         29.99",http://www.ikea.com/us/en/images/products/hektar-pendant-lamp-gray__0149991_PE308142_S4.JPG,24.99,Living room,40216531
http://www.ikea.com/us/en/catalog/products/80216534/,HEKTAR,"Pendant lamp, dark gray         69.99",http://www.ikea.com/us/en/images/products/hektar-pendant-lamp-gray__0149993_PE308143_S4.JPG,59.99,Living room,80216534
http://www.ikea.com/us/en/catalog/products/60296126/,HELMER,"Drawer unit on casters, green",http://www.ikea.com/us/en/images/products/helmer-drawer-unit-on-casters-green__0324757_PE517670_S4.JPG,39.99,Office furniture,60296126
http://www.ikea.com/us/en/catalog/products/70251599/,HEMBAKAT,Bake at home,http://www.ikea.com/us/en/images/products/hembakat-bake-at-home__0178120_PE331224_S4.JPG,7.99,Food,70251599
http://www.ikea.com/us/en/catalog/products/10175810/,HEMMA,"Cord set, white",http://www.ikea.com/us/en/images/products/hemma-cord-set-white__36078_PE126952_S4.JPG,5.00,Living room,10175810
http://www.ikea.com/us/en/catalog/products/30081556/,HEMMA,"Cord set, black",http://www.ikea.com/us/en/images/products/hemma-cord-set-black__0168421_PE275819_S4.JPG,5.00,Living room,30081556
http://www.ikea.com/us/en/catalog/products/00312313/,HEMMA,"Cord set with switch, black",http://www.ikea.com/us/en/images/products/hemma-cord-set-with-switch-black__0377194_PE554292_S4.JPG,6.00,Living room,00312313
http://www.ikea.com/us/en/catalog/products/40312325/,HEMMA,"Cord set with switch, white",http://www.ikea.com/us/en/images/products/hemma-cord-set-with-switch-white__0377196_PE554291_S4.JPG,6.00,Living room,40312325
http://www.ikea.com/us/en/catalog/products/80263040/,HEMMA,Double pendant cord set,http://www.ikea.com/us/en/images/products/hemma-double-pendant-cord-set__0246124_PE385256_S4.JPG,10.00,Living room,80263040
http://www.ikea.com/us/en/catalog/products/60149499/,HEMMA,"Floor lamp base, black",http://www.ikea.com/us/en/images/products/hemma-floor-lamp-base-black__58353_PE164015_S4.JPG,15.00,Living room,60149499
http://www.ikea.com/us/en/catalog/products/20149509/,HEMMA,"Table lamp base, black",http://www.ikea.com/us/en/images/products/hemma-table-lamp-base-black__58355_PE164017_S4.JPG,8.00,Living room,20149509
http://www.ikea.com/us/en/catalog/products/00263044/,HEMMA,Triple pendant cord set,http://www.ikea.com/us/en/images/products/hemma-triple-pendant-cord-set__0246127_PE385257_S4.JPG,15.00,Living room,00263044
http://www.ikea.com/us/en/catalog/products/80301792/,HEMMINGSBO,"Front opening picture frame, white",http://www.ikea.com/us/en/images/products/hemmingsbo-front-opening-picture-frame-white__0315396_PE513810_S4.JPG,4.99,Decoration,80301792
http://www.ikea.com/us/en/catalog/products/S39119574/,HEMNES / ODENSVIK,"Sink cabinet with 4 drawers, white",http://www.ikea.com/us/en/images/products/hemnes-odensvik-sink-cabinet-with-drawers-white__0368039_PE549459_S4.JPG,499.00,Bathroom,39119574
http://www.ikea.com/us/en/catalog/products/S49119578/,HEMNES / ODENSVIK,"Sink cabinet with 4 drawers, white",http://www.ikea.com/us/en/images/products/hemnes-odensvik-sink-cabinet-with-drawers-white__0368052_PE549447_S4.JPG,479.00,Bathroom,49119578
http://www.ikea.com/us/en/catalog/products/S69119582/,HEMNES / ODENSVIK,"Sink cabinet with 4 drawers, white",http://www.ikea.com/us/en/images/products/hemnes-odensvik-sink-cabinet-with-drawers-white__0368048_PE549453_S4.JPG,599.00,Bathroom,69119582
http://www.ikea.com/us/en/catalog/products/10245870/,HEMNES,"Hat rack, black-brown",http://www.ikea.com/us/en/images/products/hemnes-hat-rack-brown__0209220_PE362813_S4.JPG,39.99,Hallway,10245870
http://www.ikea.com/us/en/catalog/products/90326297/,HEMNES,"Underbed storage box, set of 2, white stained",http://www.ikea.com/us/en/images/products/hemnes-underbed-storage-box-set-of-__0428582_PE583657_S4.JPG,75.00,Bedroom,90326297
http://www.ikea.com/us/en/catalog/products/70124262/,HEMSJÖ,"Unscented block candle, natural",http://www.ikea.com/us/en/images/products/hemsjo-unscented-block-candle-beige__72865_PE189116_S4.JPG,1.99,Decoration,70124262
http://www.ikea.com/us/en/catalog/products/50326223/,HEMSTA,"Lamp shade, beige",http://www.ikea.com/us/en/images/products/hemsta-lamp-shade-beige__0412668_PE592348_S4.JPG,9.99,Living room,50326223
http://www.ikea.com/us/en/catalog/products/90316217/,HEMSTA,"Lamp shade, white",http://www.ikea.com/us/en/images/products/hemsta-lamp-shade-white__0275938_PE414029_S4.JPG,24.99,Living room,90316217
http://www.ikea.com/us/en/catalog/products/80315925/,HEMTREVNAD,"Fabric, white, black",http://www.ikea.com/us/en/images/products/hemtrevnad-fabric-black__0372141_PE552147_S4.JPG,5.99,Living room,80315925
http://www.ikea.com/us/en/catalog/products/40308106/,HEMTREVNAD,"Fabric, white, multicolor",http://www.ikea.com/us/en/images/products/hemtrevnad-fabric-assorted-colors__0372145_PE552146_S4.JPG,5.99,Living room,40308106
http://www.ikea.com/us/en/catalog/products/00315712/,HENNY RAND,"Curtains, 1 pair, white, gray yellow",http://www.ikea.com/us/en/images/products/henny-rand-curtains-pair-gray__0403759_PE566139_S4.JPG,39.99,Living room,00315712
http://www.ikea.com/us/en/catalog/products/50281154/,HENRIKA,"Cushion cover, lilac",http://www.ikea.com/us/en/images/products/henrika-cushion-cover-lilac__0191127_PE344877_S4.JPG,8.00,Living room,50281154
http://www.ikea.com/us/en/catalog/products/90281152/,HENRIKA,"Cushion cover, gray",http://www.ikea.com/us/en/images/products/henrika-cushion-cover-gray__0213812_PE369457_S4.JPG,8.00,Living room,90281152
http://www.ikea.com/us/en/catalog/products/00190383/,HENRIKA,"Throw, black",http://www.ikea.com/us/en/images/products/henrika-throw-black__0117848_PE273135_S4.JPG,16.99,Living room,00190383
http://www.ikea.com/us/en/catalog/products/40190381/,HENRIKA,"Throw, light beige",http://www.ikea.com/us/en/images/products/henrika-throw-beige__0117850_PE273136_S4.JPG,16.99,Living room,40190381
http://www.ikea.com/us/en/catalog/products/50334794/,HENRIKSDAL,"Bar stool with backrest cover, Remvallen blue/white",http://www.ikea.com/us/en/images/products/henriksdal-bar-stool-with-backrest-cover-assorted-colors__0421893_PE578095_S4.JPG,20.00,Dining,50334794
http://www.ikea.com/us/en/catalog/products/90155691/,HENRIKSDAL,"Bar stool with backrest cover, Gobo white",http://www.ikea.com/us/en/images/products/henriksdal-bar-stool-with-backrest-cover-white__0143772_PE303269_S4.JPG,10.00,Dining,90155691
http://www.ikea.com/us/en/catalog/products/90188187/,HENRIKSDAL,"Bar stool with backrest cover, Linneryd natural",http://www.ikea.com/us/en/images/products/henriksdal-bar-stool-with-backrest-cover-beige__0143767_PE303264_S4.JPG,20.00,Dining,90188187
http://www.ikea.com/us/en/catalog/products/S49162326/,HENRIKSDAL,"Bar stool with backrest, brown-black, Remvallen blue/white",http://www.ikea.com/us/en/images/products/henriksdal-bar-stool-with-backrest-assorted-colors__0423628_PE579643_S4.JPG,99.00,Dining,49162326
http://www.ikea.com/us/en/catalog/products/S79862331/,HENRIKSDAL,"Bar stool with backrest, brown-black, Gobo white",http://www.ikea.com/us/en/images/products/henriksdal-bar-stool-with-backrest-white__0095399_PE234002_S4.JPG,89.00,Dining,79862331
http://www.ikea.com/us/en/catalog/products/S29874591/,HENRIKSDAL,"Bar stool with backrest, brown-black, Linneryd natural",http://www.ikea.com/us/en/images/products/henriksdal-bar-stool-with-backrest-beige__0108529_PE258248_S4.JPG,99.00,Dining,29874591
http://www.ikea.com/us/en/catalog/products/60319868/,HENRIKSDAL,"Bar stool with backrest, brown-black, Glose black",http://www.ikea.com/us/en/images/products/henriksdal-bar-stool-with-backrest-black__0105968_PE253738_S4.JPG,119.00,Dining,60319868
http://www.ikea.com/us/en/catalog/products/00319871/,HENRIKSDAL,"Bar stool with backrest, brown-black, Glose black",http://www.ikea.com/us/en/images/products/henriksdal-bar-stool-with-backrest-black__0105968_PE253738_S4.JPG,129.00,Dining,00319871
http://www.ikea.com/us/en/catalog/products/80155738/,HENRIKSDAL,"Bar stool with backrest frame, brown-black",http://www.ikea.com/us/en/images/products/henriksdal-bar-stool-with-backrest-frame-black__66435_PE179358_S4.JPG,79.00,Dining,80155738
http://www.ikea.com/us/en/catalog/products/70334793/,HENRIKSDAL,"Chair cover, long, Remvallen blue/white",http://www.ikea.com/us/en/images/products/henriksdal-chair-cover-long-assorted-colors__0421896_PE578097_S4.JPG,39.00,Dining,70334793
http://www.ikea.com/us/en/catalog/products/90301640/,HENRIKSDAL,"Chair cover, long, Risane gray",http://www.ikea.com/us/en/images/products/henriksdal-chair-cover-long-gray__0367819_PE549325_S4.JPG,39.00,Dining,90301640
http://www.ikea.com/us/en/catalog/products/70154678/,HENRIKSDAL,"Chair cover, long, Blekinge white",http://www.ikea.com/us/en/images/products/henriksdal-chair-cover-long-white__0143756_PE303255_S4.JPG,29.00,Dining,70154678
http://www.ikea.com/us/en/catalog/products/20336370/,HENRIKSDAL,"Chair cover, Hovsten gray/white",http://www.ikea.com/us/en/images/products/henriksdal-chair-cover-assorted-colors__0421682_PE577971_S4.JPG,29.00,Dining,20336370
http://www.ikea.com/us/en/catalog/products/90334792/,HENRIKSDAL,"Chair cover, Remvallen blue/white",http://www.ikea.com/us/en/images/products/henriksdal-chair-cover-assorted-colors__0422253_PE578427_S4.JPG,19.00,Dining,90334792
http://www.ikea.com/us/en/catalog/products/00301630/,HENRIKSDAL,"Chair cover, Dansbo red-lilac",http://www.ikea.com/us/en/images/products/henriksdal-chair-cover-lilac__0336578_PE530612_S4.JPG,39.00,Dining,00301630
http://www.ikea.com/us/en/catalog/products/70301636/,HENRIKSDAL,"Chair cover, Nolhaga gray-beige",http://www.ikea.com/us/en/images/products/henriksdal-chair-cover__0314966_PE513824_S4.JPG,39.00,Dining,70301636
http://www.ikea.com/us/en/catalog/products/50154679/,HENRIKSDAL,"Chair cover, Gobo white",http://www.ikea.com/us/en/images/products/henriksdal-chair-cover-white__0143762_PE303259_S4.JPG,9.00,Dining,50154679
http://www.ikea.com/us/en/catalog/products/90187668/,HENRIKSDAL,"Chair cover, Linneryd natural",http://www.ikea.com/us/en/images/products/henriksdal-chair-cover-beige__0143734_PE303240_S4.JPG,39.00,Dining,90187668
http://www.ikea.com/us/en/catalog/products/S99162324/,HENRIKSDAL,"Chair, white, Remvallen blue/white",http://www.ikea.com/us/en/images/products/henriksdal-chair-assorted-colors__0421896_PE578097_S4.JPG,99.00,Dining,99162324
http://www.ikea.com/us/en/catalog/products/S59162321/,HENRIKSDAL,"Chair, brown, Remvallen blue/white",http://www.ikea.com/us/en/images/products/henriksdal-chair-assorted-colors__0421896_PE578097_S4.JPG,99.00,Dining,59162321
http://www.ikea.com/us/en/catalog/products/S39162322/,HENRIKSDAL,"Chair, brown-black, Remvallen blue/white",http://www.ikea.com/us/en/images/products/henriksdal-chair-assorted-colors__0421896_PE578097_S4.JPG,99.00,Dining,39162322
http://www.ikea.com/us/en/catalog/products/S79162320/,HENRIKSDAL,"Chair, birch, Remvallen blue/white",http://www.ikea.com/us/en/images/products/henriksdal-chair-assorted-colors__0421896_PE578097_S4.JPG,99.00,Dining,79162320
http://www.ikea.com/us/en/catalog/products/50309681/,HENRIKSDAL,"Chair, brown-black, Glose black",http://www.ikea.com/us/en/images/products/henriksdal-chair-black__0105965_PE253735_S4.JPG,149.00,Dining,50309681
http://www.ikea.com/us/en/catalog/products/60152613/,HENRIKSDAL,"Chair frame, birch",http://www.ikea.com/us/en/images/products/henriksdal-chair-frame__0094467_PE232337_S4.JPG,60.00,Dining,60152613
http://www.ikea.com/us/en/catalog/products/S99828930/,HENSVIK,"Cabinet, white",http://www.ikea.com/us/en/images/products/hensvik-cabinet-white__0118994_PE275124_S4.JPG,101.00,Children's IKEA,99828930
http://www.ikea.com/us/en/catalog/products/20212162/,HERMINE,"Throw, beige, brown",http://www.ikea.com/us/en/images/products/hermine-throw-brown__0130870_PE285323_S4.JPG,19.99,Living room,20212162
http://www.ikea.com/us/en/catalog/products/40212161/,HERMINE,"Throw, beige, pink",http://www.ikea.com/us/en/images/products/hermine-throw-pink__0137644_PE296291_S4.JPG,19.99,Living room,40212161
http://www.ikea.com/us/en/catalog/products/60307436/,HESSTUN,"Spring mattress, medium firm, white",http://www.ikea.com/us/en/images/products/hesstun-spring-mattress-white__0382997_PE561465_S4.JPG,399.00,Bedroom,60307436
http://www.ikea.com/us/en/catalog/products/30291309/,HILLMARI,"Curtains, 1 pair, white",http://www.ikea.com/us/en/images/products/hillmari-curtains-pair-white__0191139_PE344885_S4.JPG,12.99,Living room,30291309
http://www.ikea.com/us/en/catalog/products/20197227/,HIMALAYAMIX,"Potted plant, assorted species plants",http://www.ikea.com/us/en/images/products/himalayamix-potted-plant__67453_PE181294_S4.JPG,2.49,Outdoor,20197227
http://www.ikea.com/us/en/catalog/products/60300717/,HIMMENE,"Sofa bed, Lofallet beige",http://www.ikea.com/us/en/images/products/himmene-sofa-bed-beige__0325791_PE529546_S4.JPG,399.00,Living room,60300717
http://www.ikea.com/us/en/catalog/products/90265246/,HISHULT,"Handle, porcelain white",http://www.ikea.com/us/en/images/products/hishult-handle-white__0286088_PE423004_S4.JPG,6.99,Living room,90265246
http://www.ikea.com/us/en/catalog/products/20273141/,HISHULT,"Knob, porcelain white",http://www.ikea.com/us/en/images/products/hishult-knob-white__0286090_PE423006_S4.JPG,4.99,Living room,20273141
http://www.ikea.com/us/en/catalog/products/40242865/,HJÄLMAREN,"Laundry bag with stand, white",http://www.ikea.com/us/en/images/products/hjalmaren-laundry-bag-with-stand-white__0240295_PE379914_S4.JPG,34.99,Laundry,40242865
http://www.ikea.com/us/en/catalog/products/00307439/,HJELLESTAD,"Spring mattress, medium firm, white",http://www.ikea.com/us/en/images/products/hjellestad-spring-mattress-white__0387422_PE561468_S4.JPG,699.00,Bedroom,00307439
http://www.ikea.com/us/en/catalog/products/00298798/,HODDE,"Rug, flatwoven, indoor/outdoor gray, black",http://www.ikea.com/us/en/images/products/hodde-rug-flatwoven-gray__0324194_PE516983_S4.JPG,29.99,Living room,00298798
http://www.ikea.com/us/en/catalog/products/40298796/,HODDE,"Rug, flatwoven, indoor/outdoor blue, beige",http://www.ikea.com/us/en/images/products/hodde-rug-flatwoven-blue__0324191_PE516986_S4.JPG,99.00,Living room,40298796
http://www.ikea.com/us/en/catalog/products/00282108/,HÖFTA,"Divider for drawer, white",http://www.ikea.com/us/en/images/products/hofta-divider-for-drawer-white__0300654_PE388035_S4.JPG,2.99,Living room,00282108
http://www.ikea.com/us/en/catalog/products/70247630/,HÖGFÄRDIG,"Decorative stick, assorted colors",http://www.ikea.com/us/en/images/products/hogfardig-decorative-stick-assorted-colors__0174903_PE328390_S4.JPG,4.99,Decoration,70247630
http://www.ikea.com/us/en/catalog/products/10217221/,HÖGTIDLIG,"Finials, 1 pair, white",http://www.ikea.com/us/en/images/products/hogtidlig-finials-pair-white__0143257_PE302798_S4.JPG,6.99,Living room,10217221
http://www.ikea.com/us/en/catalog/products/10270162/,HÖJERUP,"Rug, high pile, gray-brown",http://www.ikea.com/us/en/images/products/hojerup-rug-high-pile-brown__0410033_PE573173_S4.JPG,19.99,Living room,10270162
http://www.ikea.com/us/en/catalog/products/60325794/,HÖLJES,"Pendant lamp, white",http://www.ikea.com/us/en/images/products/holjes-pendant-lamp-white__0412666_PE582254_S4.JPG,29.99,Living room,60325794
http://www.ikea.com/us/en/catalog/products/80252094/,HOLMLIDEN,"Table lamp, black",http://www.ikea.com/us/en/images/products/holmliden-table-lamp-black__0343156_PE530288_S4.JPG,24.99,Living room,80252094
http://www.ikea.com/us/en/catalog/products/30184173/,HOLMÖ,Floor lamp,http://www.ikea.com/us/en/images/products/holmo-floor-lamp__0124285_PE280728_S4.JPG,8.99,Living room,30184173
http://www.ikea.com/us/en/catalog/products/40307442/,HOLMSBU,"Spring mattress, medium firm, white",http://www.ikea.com/us/en/images/products/holmsbu-spring-mattress-white__0387438_PE561474_S4.JPG,799.00,Bedroom,40307442
http://www.ikea.com/us/en/catalog/products/50234582/,HOLMSEL,"Chair, black",http://www.ikea.com/us/en/images/products/holmsel-chair-black__0186593_PE338763_S4.JPG,69.99,Living room,50234582
http://www.ikea.com/us/en/catalog/products/20301733/,HOLMSUND,"Cover for corner sofabed, Ransta white",http://www.ikea.com/us/en/images/products/holmsund-cover-for-corner-sofabed-white__0325738_PE543710_S4.JPG,99.00,Living room,20301733
http://www.ikea.com/us/en/catalog/products/S49140626/,HOLMSUND,"Sofa bed, Nordvalla beige",http://www.ikea.com/us/en/images/products/holmsund-sofa-bed-beige__0405558_PE577546_S4.JPG,599.00,Living room,49140626
http://www.ikea.com/us/en/catalog/products/50321372/,HOLMSUND,"Sofa bed slipcover, Nordvalla medium gray",http://www.ikea.com/us/en/images/products/holmsund-sofa-bed-slipcover-gray__0405557_PE577547_S4.JPG,99.00,Living room,50321372
http://www.ikea.com/us/en/catalog/products/S29048643/,HOLMSUND,"Sofa bed with chaise, Ransta white",http://www.ikea.com/us/en/images/products/holmsund-sofa-bed-with-chaise-white__0325738_PE543710_S4.JPG,699.00,Living room,29048643
http://www.ikea.com/us/en/catalog/products/10271675/,HÖNSBÄR,"Comforter, cooler",http://www.ikea.com/us/en/images/products/honsbar-comforter-cooler__0311298_PE407185_S4.JPG,49.99,Bedroom,10271675
http://www.ikea.com/us/en/catalog/products/50299663/,HÖNSBÄR,"Comforter, extra warm, extra warm",http://www.ikea.com/us/en/images/products/honsbar-comforter-extra-warm__0311302_PE407189_S4.JPG,59.99,Bedroom,50299663
http://www.ikea.com/us/en/catalog/products/10271703/,HÖNSBÄR,"Comforter, warmer",http://www.ikea.com/us/en/images/products/honsbar-comforter-warmer__0311302_PE407189_S4.JPG,39.99,Bedroom,10271703
http://www.ikea.com/us/en/catalog/products/50260444/,HOPPIG,"Soft toy, dog black, white",http://www.ikea.com/us/en/images/products/hoppig-soft-toy-black__0216163_PE371747_S4.JPG,6.99,Children's IKEA,50260444
http://www.ikea.com/us/en/catalog/products/40239957/,HOPPLEK,"Rug, low pile, multicolor",http://www.ikea.com/us/en/images/products/hopplek-rug-low-pile-assorted-colors__0152078_PE310384_S4.JPG,14.99,Children's IKEA,40239957
http://www.ikea.com/us/en/catalog/products/90290632/,HOPPVALS,"Cellular blind, white",http://www.ikea.com/us/en/images/products/hoppvals-cellular-blind-white__0323826_PE516709_S4.JPG,39.99,Living room,90290632
http://www.ikea.com/us/en/catalog/products/10335074/,HOPPVALS,"Cellular blind, beige",http://www.ikea.com/us/en/images/products/hoppvals-cellular-blind-beige__0392576_PE562329_S4.JPG,39.99,Living room,10335074
http://www.ikea.com/us/en/catalog/products/80335075/,HOPPVALS,"Cellular blind, gray",http://www.ikea.com/us/en/images/products/hoppvals-cellular-blind-gray__0392581_PE562330_S4.JPG,39.99,Living room,80335075
http://www.ikea.com/us/en/catalog/products/50321008/,HÖSTFIBBLA,"Cushion, multicolor",http://www.ikea.com/us/en/images/products/hostfibbla-cushion-assorted-colors__0427971_PE583186_S4.JPG,3.99,Living room,50321008
http://www.ikea.com/us/en/catalog/products/20314113/,HÖSTÖGA,"Duvet cover and pillowcase(s), stripe, gray",http://www.ikea.com/us/en/images/products/hostoga-duvet-cover-and-pillowcase-s-gray__0371098_PE551476_S4.JPG,12.99,Bedroom,20314113
http://www.ikea.com/us/en/catalog/products/50038213/,HOVET,"Mirror, aluminum",http://www.ikea.com/us/en/images/products/hovet-mirror__08210_PE084966_S4.JPG,129.00,Bedroom,50038213
http://www.ikea.com/us/en/catalog/products/S59929219/,HUGAD,"Curtain rod combination/bay window, black",http://www.ikea.com/us/en/images/products/hugad-curtain-rod-combination-bay-window-black__0312832_PE513827_S4.JPG,47.87,Living room,59929219
http://www.ikea.com/us/en/catalog/products/S39929239/,HUGAD,"Curtain rod combination/bay window, silver color",http://www.ikea.com/us/en/images/products/hugad-curtain-rod-combination-bay-window__0312827_PE513828_S4.JPG,47.87,Living room,39929239
http://www.ikea.com/us/en/catalog/products/S19929240/,HUGAD,"Curtain rod combination/bay window, white",http://www.ikea.com/us/en/images/products/hugad-curtain-rod-combination-bay-window-white__0312823_PE513829_S4.JPG,47.87,Living room,19929240
http://www.ikea.com/us/en/catalog/products/80269136/,HUGAD,"Wall fitting for curtain rod, white",http://www.ikea.com/us/en/images/products/hugad-wall-fitting-for-curtain-rod-white__0371473_PE551819_S4.JPG,1.29,Living room,80269136
http://www.ikea.com/us/en/catalog/products/40065160/,HULTET,"Dish, bamboo",http://www.ikea.com/us/en/images/products/hultet-dish__29980_PE117769_S4.JPG,5.99,Decoration,40065160
http://www.ikea.com/us/en/catalog/products/50261047/,HUMLARE,"Bag, green indoor/outdoor, green",http://www.ikea.com/us/en/images/products/humlare-bag__0190576_PE344014_S4.JPG,24.99,Secondary storage,50261047
http://www.ikea.com/us/en/catalog/products/40176813/,HURRIG,"Mug, white, green",http://www.ikea.com/us/en/images/products/hurrig-mug-white__0112678_PE264573_S4.JPG,1.99,Eating,40176813
http://www.ikea.com/us/en/catalog/products/90184151/,HURRIG,"Mug, white, turquoise",http://www.ikea.com/us/en/images/products/hurrig-mug-white__0112679_PE264574_S4.JPG,1.99,Eating,90184151
http://www.ikea.com/us/en/catalog/products/50292261/,HUSET,"Doll furniture, bedroom",http://www.ikea.com/us/en/images/products/huset-doll-furniture-bedroom__0375610_PE553776_S4.JPG,14.99,Children's IKEA,50292261
http://www.ikea.com/us/en/catalog/products/50263150/,HUSET,"Doll furniture, living room",http://www.ikea.com/us/en/images/products/huset-doll-furniture-living-room__0186295_PE338432_S4.JPG,14.99,Children's IKEA,50263150
http://www.ikea.com/us/en/catalog/products/40262919/,HUSINGE,"Ceiling track, 3 spotlights, nickel plated",http://www.ikea.com/us/en/images/products/husinge-ceiling-track-spotlights__0426929_PE582465_S4.JPG,19.99,Living room,40262919
http://www.ikea.com/us/en/catalog/products/60262923/,HUSINGE,"Ceiling track, 5-spots, nickel plated",http://www.ikea.com/us/en/images/products/husinge-ceiling-track-spots__0426964_PE582490_S4.JPG,29.99,Living room,60262923
http://www.ikea.com/us/en/catalog/products/20048633/,HUSÖN,"Plant pot, galvanized indoor/outdoor, galvanized",http://www.ikea.com/us/en/images/products/huson-plant-pot__12045_PE089408_S4.JPG,24.99,Decoration,20048633
http://www.ikea.com/us/en/catalog/products/70032451/,HUTTEN,"9-bottle wine rack, solid wood",http://www.ikea.com/us/en/images/products/hutten-bottle-wine-rack__23766_PE090444_S4.JPG,9.99,Small storage,70032451
http://www.ikea.com/us/en/catalog/products/40318110/,HYDRANGEA,"Potted plant, assorted colors",http://www.ikea.com/us/en/images/products/hydrangea-potted-plant-assorted-colors__0094788_PE232699_S4.JPG,11.99,Outdoor,40318110
http://www.ikea.com/us/en/catalog/products/40282743/,HYLKJE,"Mirror, bright blue",http://www.ikea.com/us/en/images/products/hylkje-mirror-blue__0243070_PE382388_S4.JPG,4.99,Bedroom,40282743
http://www.ikea.com/us/en/catalog/products/40282738/,HYLLE,"Pillow, firmer",http://www.ikea.com/us/en/images/products/hylle-pillow-firmer__0399744_PH127308_S4.JPG,15.99,Bedroom,40282738
http://www.ikea.com/us/en/catalog/products/00282740/,HYLLE,"Pillow, softer",http://www.ikea.com/us/en/images/products/hylle-pillow-softer__0399745_PH127307_S4.JPG,13.99,Bedroom,00282740
http://www.ikea.com/us/en/catalog/products/00278578/,HYLLIS,"Shelving unit, indoor/outdoor galvanized",http://www.ikea.com/us/en/images/products/hyllis-shelving-unit__0217710_PE374967_S4.JPG,14.99,Outdoor,00278578
http://www.ikea.com/us/en/catalog/products/30293898/,HYVLA,"Knife block, bamboo",http://www.ikea.com/us/en/images/products/hyvla-knife-block__0343157_PE530287_S4.JPG,12.99,Cooking,30293898
