http://www.ikea.com/us/en/catalog/products/10186724/,IDEAL,"Candle dish, white",http://www.ikea.com/us/en/images/products/ideal-candle-dish-white__0111712_PE262645_S4.JPG,4.99,Decoration,10186724
http://www.ikea.com/us/en/catalog/products/10239647/,IDEAL,"Candle dish, white",http://www.ikea.com/us/en/images/products/ideal-candle-dish-white__0153845_PE312291_S4.JPG,5.99,Decoration,10239647
http://www.ikea.com/us/en/catalog/products/50239645/,IDEAL,"Candle dish, white",http://www.ikea.com/us/en/images/products/ideal-candle-dish-white__0153843_PE312290_S4.JPG,3.99,Decoration,50239645
http://www.ikea.com/us/en/catalog/products/30107660/,IDEAL,"Candle dish, black",http://www.ikea.com/us/en/images/products/ideal-candle-dish-black__58146_PE163787_S4.JPG,3.99,Decoration,30107660
http://www.ikea.com/us/en/catalog/products/40228812/,IDOLF,"Chair, white",http://www.ikea.com/us/en/images/products/idolf-chair-white__0207590_PE361528_S4.JPG,59.00,Dining,40228812
http://www.ikea.com/us/en/catalog/products/80225166/,IDOLF,"Chair, black",http://www.ikea.com/us/en/images/products/idolf-chair-black__0207587_PE361529_S4.JPG,59.00,Dining,80225166
http://www.ikea.com/us/en/catalog/products/50175276/,IKEA 365+ GUNSTIG,"Trivet, magnetic, red, dark gray",http://www.ikea.com/us/en/images/products/ikea-gunstig-trivet-magnetic-gray__0114944_PE275983_S4.JPG,5.99,Cooking,50175276
http://www.ikea.com/us/en/catalog/products/10171459/,IKEA 365+ SÄNDA,3 way connector,http://www.ikea.com/us/en/images/products/ikea-sanda-way-connector__0114531_PE267057_S4.JPG,15.00,Living room,10171459
http://www.ikea.com/us/en/catalog/products/30171463/,IKEA 365+ SÄNDA,4 way connector,http://www.ikea.com/us/en/images/products/ikea-sanda-way-connector__0114532_PE267058_S4.JPG,20.00,Living room,30171463
http://www.ikea.com/us/en/catalog/products/00149218/,IKEA 365+ SÄNDA,Connector with flexible joint,http://www.ikea.com/us/en/images/products/ikea-sanda-connector-with-flexible-joint__0089924_PE223233_S4.JPG,10.00,Living room,00149218
http://www.ikea.com/us/en/catalog/products/00149223/,IKEA 365+ SÄNDA,Line voltage adapter,http://www.ikea.com/us/en/images/products/ikea-sanda-line-voltage-adapter__0089921_PE223230_S4.JPG,5.00,Living room,00149223
http://www.ikea.com/us/en/catalog/products/10149227/,IKEA 365+ SÄNDA,Power connector,http://www.ikea.com/us/en/images/products/ikea-sanda-power-connector__0089922_PE223231_S4.JPG,5.00,Living room,10149227
http://www.ikea.com/us/en/catalog/products/40262716/,IKEA 365+ SÄNDA,Spotlight,http://www.ikea.com/us/en/images/products/ikea-sanda-spotlight__0243649_PE382938_S4.JPG,24.99,Living room,40262716
http://www.ikea.com/us/en/catalog/products/10149246/,IKEA 365+ SÄNDA,Track,http://www.ikea.com/us/en/images/products/ikea-sanda-track__0089920_PE223229_S4.JPG,15.00,Living room,10149246
http://www.ikea.com/us/en/catalog/products/00149242/,IKEA 365+ SÄNDA,Track,http://www.ikea.com/us/en/images/products/ikea-sanda-track__0089919_PE223228_S4.JPG,20.00,Living room,00149242
http://www.ikea.com/us/en/catalog/products/60278354/,IKEA 365+,"Tablecloth, white, gray",http://www.ikea.com/us/en/images/products/ikea-tablecloth-gray__0328852_PE520746_S4.JPG,19.99,Textiles & Rugs,60278354
http://www.ikea.com/us/en/catalog/products/80271907/,IKEA PS 1995,"Clock, yellow",http://www.ikea.com/us/en/images/products/ikea-ps-clock-yellow__0238175_PE377630_S4.JPG,39.99,Decoration,80271907
http://www.ikea.com/us/en/catalog/products/50308262/,IKEA PS 2002,"Watering can, gray",http://www.ikea.com/us/en/images/products/ikea-ps-watering-can-gray__0398107_PE563889_S4.JPG,0.99,Outdoor,50308262
http://www.ikea.com/us/en/catalog/products/10308264/,IKEA PS 2002,"Watering can, light blue",http://www.ikea.com/us/en/images/products/ikea-ps-watering-can-blue__0398108_PE563890_S4.JPG,0.99,Outdoor,10308264
http://www.ikea.com/us/en/catalog/products/30308263/,IKEA PS 2002,"Watering can, red",http://www.ikea.com/us/en/images/products/ikea-ps-watering-can-red__0398109_PE563891_S4.JPG,0.99,Outdoor,30308263
http://www.ikea.com/us/en/catalog/products/S19917218/,IKEA PS 2012 / REIDAR,"Table and 4 chairs, bamboo, white",http://www.ikea.com/us/en/images/products/ikea-ps-reidar-table-and-chairs-white__0159457_PE316028_S4.JPG,395.00,Dining,19917218
http://www.ikea.com/us/en/catalog/products/10219456/,IKEA PS 2012,"5-drawers chest with 1 door, pine",http://www.ikea.com/us/en/images/products/ikea-ps-drawers-chest-with-door__0140553_PE300539_S4.JPG,399.00,Bedroom,10219456
http://www.ikea.com/us/en/catalog/products/70219458/,IKEA PS 2012,"Add-on chest with 6 drawers, pine",http://www.ikea.com/us/en/images/products/ikea-ps-add-on-chest-with-drawers__0140549_PE300536_S4.JPG,150.00,Bedroom,70219458
http://www.ikea.com/us/en/catalog/products/70206804/,IKEA PS 2012,"Armchair, black",http://www.ikea.com/us/en/images/products/ikea-ps-armchair-black__0154688_PE312833_S4.JPG,85.00,Dining,70206804
http://www.ikea.com/us/en/catalog/products/S19161205/,IKEA PS 2014 / MELLTORP,"Table and 4 chairs, pine, white",http://www.ikea.com/us/en/images/products/ikea-ps-melltorp-table-and-chairs-white__0419108_PE576085_S4.JPG,299.00,Dining,19161205
http://www.ikea.com/us/en/catalog/products/60260090/,IKEA PS 2014,Floor lamp,http://www.ikea.com/us/en/images/products/ikea-ps-floor-lamp__0242267_PE381779_S4.JPG,64.99,Living room,60260090
http://www.ikea.com/us/en/catalog/products/80265384/,IKEA PS 2014,"LED stool lamp, in/outdoor, orange",http://www.ikea.com/us/en/images/products/ikea-ps-led-stool-lamp-in-outdoor-orange__0247217_PE392859_S4.JPG,69.99,Living room,80265384
http://www.ikea.com/us/en/catalog/products/90263346/,IKEA PS 2014,"LED stool lamp, in/outdoor, white",http://www.ikea.com/us/en/images/products/ikea-ps-led-stool-lamp-in-outdoor-white__0247343_PE386133_S4.JPG,69.99,Living room,90263346
http://www.ikea.com/us/en/catalog/products/S09011711/,IKEA PS 2014,"Storage combination with top, bamboo, light green",http://www.ikea.com/us/en/images/products/ikea-ps-storage-combination-with-top-green__0241799_PE381557_S4.JPG,153.00,Living room,09011711
http://www.ikea.com/us/en/catalog/products/S09011730/,IKEA PS 2014,"Storage combination with top, bamboo, white",http://www.ikea.com/us/en/images/products/ikea-ps-storage-combination-with-top-white__0241677_PE381488_S4.JPG,85.00,Living room,09011730
http://www.ikea.com/us/en/catalog/products/S09011749/,IKEA PS 2014,"Storage combination with top, bamboo, white",http://www.ikea.com/us/en/images/products/ikea-ps-storage-combination-with-top-white__0241662_PE381479_S4.JPG,79.00,Living room,09011749
http://www.ikea.com/us/en/catalog/products/S19011701/,IKEA PS 2014,"Storage combination with top, bamboo, white",http://www.ikea.com/us/en/images/products/ikea-ps-storage-combination-with-top-white__0241694_PE381500_S4.JPG,113.00,Living room,19011701
http://www.ikea.com/us/en/catalog/products/S19011720/,IKEA PS 2014,"Storage combination with top, bamboo, white",http://www.ikea.com/us/en/images/products/ikea-ps-storage-combination-with-top-white__0241803_PE381555_S4.JPG,85.00,Living room,19011720
http://www.ikea.com/us/en/catalog/products/S19011758/,IKEA PS 2014,"Storage combination with top, bamboo, white",http://www.ikea.com/us/en/images/products/ikea-ps-storage-combination-with-top-white__0241687_PE381494_S4.JPG,255.00,Living room,19011758
http://www.ikea.com/us/en/catalog/products/S39011677/,IKEA PS 2014,"Storage combination with top, bamboo, white",http://www.ikea.com/us/en/images/products/ikea-ps-storage-combination-with-top-white__0241699_PE381503_S4.JPG,147.00,Living room,39011677
http://www.ikea.com/us/en/catalog/products/S39011700/,IKEA PS 2014,"Storage combination with top, bamboo, white",http://www.ikea.com/us/en/images/products/ikea-ps-storage-combination-with-top-white__0241702_PE381487_S4.JPG,79.00,Living room,39011700
http://www.ikea.com/us/en/catalog/products/S59011695/,IKEA PS 2014,"Storage combination with top, bamboo, light green",http://www.ikea.com/us/en/images/products/ikea-ps-storage-combination-with-top-green__0241690_PE381496_S4.JPG,45.00,Living room,59011695
http://www.ikea.com/us/en/catalog/products/S69011727/,IKEA PS 2014,"Storage combination with top, bamboo, white",http://www.ikea.com/us/en/images/products/ikea-ps-storage-combination-with-top-white__0241683_PE381491_S4.JPG,119.00,Living room,69011727
http://www.ikea.com/us/en/catalog/products/S89011707/,IKEA PS 2014,"Storage combination with top, bamboo, white",http://www.ikea.com/us/en/images/products/ikea-ps-storage-combination-with-top-white__0241797_PE381549_S4.JPG,119.00,Living room,89011707
http://www.ikea.com/us/en/catalog/products/S99011740/,IKEA PS 2014,"Storage combination with top, bamboo, white",http://www.ikea.com/us/en/images/products/ikea-ps-storage-combination-with-top-white__0241667_PE381480_S4.JPG,113.00,Living room,99011740
http://www.ikea.com/us/en/catalog/products/20246845/,IKEA PS 2014,"Table, pine",http://www.ikea.com/us/en/images/products/ikea-ps-table__0268881_PE406736_S4.JPG,199.00,Dining,20246845
http://www.ikea.com/us/en/catalog/products/40306579/,IKEA PS FÅNGST,"Hanging storage/6 compartments, turquoise",http://www.ikea.com/us/en/images/products/ikea-ps-fangst-hanging-storage-compartments-turquoise__49943_PE145853_S4.JPG,4.99,Children's IKEA,40306579
http://www.ikea.com/us/en/catalog/products/30117188/,IKEA PS FEJÖ,"Self-watering plant pot, black",http://www.ikea.com/us/en/images/products/ikea-ps-fejo-self-watering-plant-pot-black__69500_PE184553_S4.JPG,19.99,Decoration,30117188
http://www.ikea.com/us/en/catalog/products/50039552/,IKEA PS GULLHOLMEN,"Rocking chair, banana fiber",http://www.ikea.com/us/en/images/products/ikea-ps-gullholmen-rocking-chair__25168_PE107979_S4.JPG,69.99,Living room,50039552
http://www.ikea.com/us/en/catalog/products/30264216/,IKEA PS LÖMSK,"Swivel chair, blue, light blue",http://www.ikea.com/us/en/images/products/ikea-ps-lomsk-swivel-chair-blue__0205080_PE360076_S4.JPG,69.99,Children's IKEA,30264216
http://www.ikea.com/us/en/catalog/products/90264218/,IKEA PS LÖMSK,"Swivel chair, orange, light orange",http://www.ikea.com/us/en/images/products/ikea-ps-lomsk-swivel-chair-orange__0205081_PE360075_S4.JPG,69.99,Children's IKEA,90264218
http://www.ikea.com/us/en/catalog/products/20102658/,IKEA PS LÖVÅS,Mattress,http://www.ikea.com/us/en/images/products/ikea-ps-lovas-mattress__64402_PE174959_S4.JPG,150.00,Living room,20102658
http://www.ikea.com/us/en/catalog/products/90147465/,IKEA PS MASKROS,Pendant lamp,http://www.ikea.com/us/en/images/products/ikea-ps-maskros-pendant-lamp__0091262_PE226703_S4.JPG,89.99,Living room,90147465
http://www.ikea.com/us/en/catalog/products/40102657/,IKEA PS MURBO,Mattress,http://www.ikea.com/us/en/images/products/ikea-ps-murbo-mattress__64848_PE174963_S4.JPG,200.00,Living room,40102657
http://www.ikea.com/us/en/catalog/products/90184783/,IKEA PS,"Sofabed slipcover, Gräsbo white",http://www.ikea.com/us/en/images/products/ikea-ps-sofabed-slipcover-white__0108342_PE258088_S4.JPG,59.00,Living room,90184783
http://www.ikea.com/us/en/catalog/products/30298396/,IKORNNES,"Floor mirror, ash",http://www.ikea.com/us/en/images/products/ikornnes-floor-mirror__0372169_PE552271_S4.JPG,129.00,Bedroom,30298396
http://www.ikea.com/us/en/catalog/products/00306920/,IKORNNES,"Table mirror, ash",http://www.ikea.com/us/en/images/products/ikornnes-table-mirror__0372166_PE552270_S4.JPG,27.99,Bedroom,00306920
http://www.ikea.com/us/en/catalog/products/20191758/,INDIRA,"Bedspread, dark blue",http://www.ikea.com/us/en/images/products/indira-bedspread-blue__0418989_PE575976_S4.JPG,19.99,Bedroom,20191758
http://www.ikea.com/us/en/catalog/products/70191770/,INDIRA,"Bedspread, white",http://www.ikea.com/us/en/images/products/indira-bedspread-white__0418985_PE575972_S4.JPG,19.99,Bedroom,70191770
http://www.ikea.com/us/en/catalog/products/80231228/,INDIRA,"Bedspread, black",http://www.ikea.com/us/en/images/products/indira-bedspread-black__0419024_PE576011_S4.JPG,19.99,Bedroom,80231228
http://www.ikea.com/us/en/catalog/products/10251818/,INGALUND,Floor lamp,http://www.ikea.com/us/en/images/products/ingalund-floor-lamp__0169888_PE325985_S4.JPG,49.99,Living room,10251818
http://www.ikea.com/us/en/catalog/products/90251819/,INGALUND,Table lamp,http://www.ikea.com/us/en/images/products/ingalund-table-lamp__0343158_PE530286_S4.JPG,39.99,Living room,90251819
http://www.ikea.com/us/en/catalog/products/70207709/,INGAMAJ,"Panel curtain, gray",http://www.ikea.com/us/en/images/products/ingamaj-panel-curtain-gray__0130823_PE285247_S4.JPG,14.99,Living room,70207709
http://www.ikea.com/us/en/catalog/products/40212712/,INGAMAJ,"Panel curtain, white",http://www.ikea.com/us/en/images/products/ingamaj-panel-curtain-white__0124272_PE280693_S4.JPG,14.99,Living room,40212712
http://www.ikea.com/us/en/catalog/products/S79932051/,INGATORP / HENRIKSDAL,"Table and 2 chairs, black-brown, Linneryd natural",http://www.ikea.com/us/en/images/products/ingatorp-henriksdal-table-and-chairs-beige__0207221_PE361187_S4.JPG,327.00,Dining,79932051
http://www.ikea.com/us/en/catalog/products/20221425/,INGATORP,"Drop-leaf table, antique stain",http://www.ikea.com/us/en/images/products/ingatorp-drop-leaf-table__0161883_PE317000_S4.JPG,129.00,Dining,20221425
http://www.ikea.com/us/en/catalog/products/10222406/,INGATORP,"Drop-leaf table, white",http://www.ikea.com/us/en/images/products/ingatorp-drop-leaf-table-white__0173536_PE332190_S4.JPG,129.00,Dining,10222406
http://www.ikea.com/us/en/catalog/products/80221427/,INGATORP,"Drop-leaf table, black-brown",http://www.ikea.com/us/en/images/products/ingatorp-drop-leaf-table-brown__0149768_PE307925_S4.JPG,129.00,Dining,80221427
http://www.ikea.com/us/en/catalog/products/90222407/,INGATORP,"Extendable table, black",http://www.ikea.com/us/en/images/products/ingatorp-extendable-table-black__0251847_PE390706_S4.JPG,329.00,Dining,90222407
http://www.ikea.com/us/en/catalog/products/40217069/,INGATORP,"Extendable table, white",http://www.ikea.com/us/en/images/products/ingatorp-extendable-table-white__0251845_PE390705_S4.JPG,349.00,Dining,40217069
http://www.ikea.com/us/en/catalog/products/80217072/,INGATORP,"Extendable table, black",http://www.ikea.com/us/en/images/products/ingatorp-extendable-table-black__0268635_PE415278_S4.JPG,349.00,Dining,80217072
http://www.ikea.com/us/en/catalog/products/70221423/,INGATORP,"Extendable table, white",http://www.ikea.com/us/en/images/products/ingatorp-extendable-table-white__0146740_PE305745_S4.JPG,329.00,Dining,70221423
http://www.ikea.com/us/en/catalog/products/30308258/,INGEFÄRA,"Plant pot with saucer, outdoor, terracotta",http://www.ikea.com/us/en/images/products/ingefara-plant-pot-with-saucer__0313271_PE513837_S4.JPG,19.99,Decoration,30308258
http://www.ikea.com/us/en/catalog/products/00257854/,INGERT,"Curtains with tie-backs, 1 pair, gray",http://www.ikea.com/us/en/images/products/ingert-curtains-with-tie-backs-pair-gray__0271679_PE413522_S4.JPG,49.99,Living room,00257854
http://www.ikea.com/us/en/catalog/products/20257853/,INGERT,"Curtains with tie-backs, 1 pair, brown",http://www.ikea.com/us/en/images/products/ingert-curtains-with-tie-backs-pair-brown__0271711_PE413538_S4.JPG,49.99,Living room,20257853
http://www.ikea.com/us/en/catalog/products/70257855/,INGERT,"Curtains with tie-backs, 1 pair, green",http://www.ikea.com/us/en/images/products/ingert-curtains-with-tie-backs-pair-green__0271720_PE413545_S4.JPG,49.99,Living room,70257855
http://www.ikea.com/us/en/catalog/products/90257859/,INGERT,"Curtains with tie-backs, 1 pair, beige",http://www.ikea.com/us/en/images/products/ingert-curtains-with-tie-backs-pair-beige__0271703_PE413533_S4.JPG,49.99,Living room,90257859
http://www.ikea.com/us/en/catalog/products/80257845/,INGERT,"Curtains with tie-backs, 1 pair, dark gray",http://www.ikea.com/us/en/images/products/ingert-curtains-with-tie-backs-pair-gray__0271715_PE413541_S4.JPG,39.99,Living room,80257845
http://www.ikea.com/us/en/catalog/products/70261923/,INGMARIE,"Curtains with tie-backs, 1 pair, multicolor",http://www.ikea.com/us/en/images/products/ingmarie-curtains-with-tie-backs-pair-assorted-colors__0243156_PE382479_S4.JPG,39.99,Living room,70261923
http://www.ikea.com/us/en/catalog/products/S49097350/,INGO / IVAR,"Table and 4 chairs, pine",http://www.ikea.com/us/en/images/products/ingo-ivar-table-and-chairs__0140946_PE300942_S4.JPG,169.00,Dining,49097350
http://www.ikea.com/us/en/catalog/products/40248513/,INGOLF,"Bar stool with backrest, brown-black",http://www.ikea.com/us/en/images/products/ingolf-bar-stool-with-backrest-black__0355479_PE547812_S4.JPG,59.00,Dining,40248513
http://www.ikea.com/us/en/catalog/products/90248515/,INGOLF,"Bar stool with backrest, brown-black",http://www.ikea.com/us/en/images/products/ingolf-bar-stool-with-backrest-black__0355480_PE547813_S4.JPG,69.00,Dining,90248515
http://www.ikea.com/us/en/catalog/products/00121766/,INGOLF,"Bar stool with backrest, white",http://www.ikea.com/us/en/images/products/ingolf-bar-stool-with-backrest-white__74014_PE190755_S4.JPG,69.00,Dining,00121766
http://www.ikea.com/us/en/catalog/products/70103250/,INGOLF,"Chair, white",http://www.ikea.com/us/en/images/products/ingolf-chair-white__58982_PE164584_S4.JPG,49.00,Dining,70103250
http://www.ikea.com/us/en/catalog/products/00217820/,INGOLF,"Chair, antique stain",http://www.ikea.com/us/en/images/products/ingolf-chair__0238365_PE377893_S4.JPG,49.00,Dining,00217820
http://www.ikea.com/us/en/catalog/products/60217822/,INGOLF,"Chair, brown-black",http://www.ikea.com/us/en/images/products/ingolf-chair-black__0355482_PE547815_S4.JPG,49.00,Dining,60217822
http://www.ikea.com/us/en/catalog/products/90146456/,INGOLF,"Junior chair, white",http://www.ikea.com/us/en/images/products/ingolf-junior-chair-white__0088776_PE220232_S4.JPG,49.99,Children's IKEA,90146456
http://www.ikea.com/us/en/catalog/products/10099897/,INGOLF,"Junior chair, antique stain",http://www.ikea.com/us/en/images/products/ingolf-junior-chair__65220_PE176181_S4.JPG,49.99,Children's IKEA,10099897
http://www.ikea.com/us/en/catalog/products/30217833/,INGOLF,"Stool, antique stain",http://www.ikea.com/us/en/images/products/ingolf-stool__0238357_PE377889_S4.JPG,39.00,Dining,30217833
http://www.ikea.com/us/en/catalog/products/40248527/,INGOLF,"Stool, brown-black",http://www.ikea.com/us/en/images/products/ingolf-stool-black__0355481_PE547814_S4.JPG,39.00,Dining,40248527
http://www.ikea.com/us/en/catalog/products/00152282/,INGOLF,"Stool, white",http://www.ikea.com/us/en/images/products/ingolf-stool-white__0089631_PE222561_S4.JPG,39.99,Dining,00152282
http://www.ikea.com/us/en/catalog/products/14630009/,INGO,"Table, pine",http://www.ikea.com/us/en/images/products/ingo-table__21149_PE106147_S4.JPG,69.00,Dining,14630009
http://www.ikea.com/us/en/catalog/products/50312424/,INNAMO,"Armchair, outdoor, white",http://www.ikea.com/us/en/images/products/innamo-armchair-outdoor-white__0374887_PE553370_S4.JPG,35.00,Outdoor,50312424
http://www.ikea.com/us/en/catalog/products/70295268/,INNAREN,"Shower curtain, white",http://www.ikea.com/us/en/images/products/innaren-shower-curtain-white__0310847_PE512943_S4.JPG,1.99,Bathroom,70295268
http://www.ikea.com/us/en/catalog/products/30230896/,INNER,"Inner cushion, white",http://www.ikea.com/us/en/images/products/inner-inner-cushion-white__0243161_PE382482_S4.JPG,3.99,Living room,30230896
http://www.ikea.com/us/en/catalog/products/30267125/,INNER,"Inner cushion, white",http://www.ikea.com/us/en/images/products/inner-inner-cushion-white__0243162_PE382488_S4.JPG,6.99,Living room,30267125
http://www.ikea.com/us/en/catalog/products/70262197/,INNER,"Inner cushion, white",http://www.ikea.com/us/en/images/products/inner-inner-cushion-white__0243163_PE382484_S4.JPG,2.99,Living room,70262197
http://www.ikea.com/us/en/catalog/products/20210021/,IRIS,"Dish towel, gray",http://www.ikea.com/us/en/images/products/iris-dish-towel-gray__0150597_PE309124_S4.JPG,3.99,Textiles & Rugs,20210021
http://www.ikea.com/us/en/catalog/products/10210026/,IRIS,"Oven mitt, gray",http://www.ikea.com/us/en/images/products/iris-oven-mitt-gray__0150593_PE309122_S4.JPG,2.99,Textiles & Rugs,10210026
http://www.ikea.com/us/en/catalog/products/40210020/,IRIS,"Pot holder, gray",http://www.ikea.com/us/en/images/products/iris-pot-holder-gray__0150595_PE309123_S4.JPG,2.49,Textiles & Rugs,40210020
http://www.ikea.com/us/en/catalog/products/70117172/,IRJA,"Curtain rod set, white",http://www.ikea.com/us/en/images/products/irja-curtain-rod-set-white__0090002_PE223357_S4.JPG,1.79,Living room,70117172
http://www.ikea.com/us/en/catalog/products/00249562/,ISALA,"Cabinet, white",http://www.ikea.com/us/en/images/products/isala-cabinet-white__0176395_PE329212_S4.JPG,199.00,Dining,00249562
http://www.ikea.com/us/en/catalog/products/90248493/,ISALA,"Coffee table, white",http://www.ikea.com/us/en/images/products/isala-coffee-table-white__0176397_PE329213_S4.JPG,199.00,Living room,90248493
http://www.ikea.com/us/en/catalog/products/20302596/,ISBERGET,"Tablet stand, white",http://www.ikea.com/us/en/images/products/isberget-tablet-stand-white__0328926_PE519790_S4.JPG,1.99,Office furniture,20302596
http://www.ikea.com/us/en/catalog/products/30217499/,ISFJORDEN,"Floor mirror, black-brown stain",http://www.ikea.com/us/en/images/products/isfjorden-floor-mirror__0172864_PE327030_S4.JPG,129.00,Bathroom,30217499
http://www.ikea.com/us/en/catalog/products/70257167/,ISIGA,"Ice cube bag, light blue",http://www.ikea.com/us/en/images/products/isiga-ice-cube-bag-blue__0283451_PE420970_S4.JPG,1.79,Cooking,70257167
http://www.ikea.com/us/en/catalog/products/60251383/,ISTAD,"Plastic bag, assorted colors",http://www.ikea.com/us/en/images/products/istad-plastic-bag-assorted-colors__0132937_PE287909_S4.JPG,2.49,Small storage,60251383
http://www.ikea.com/us/en/catalog/products/80251382/,ISTAD,"Plastic bag, assorted colors",http://www.ikea.com/us/en/images/products/istad-plastic-bag-assorted-colors__0132936_PE287908_S4.JPG,2.99,Small storage,80251382
http://www.ikea.com/us/en/catalog/products/00233778/,ISTAD,"Plastic bag, green",http://www.ikea.com/us/en/images/products/istad-plastic-bag-green__0243455_PE382716_S4.JPG,2.49,Small storage,00233778
http://www.ikea.com/us/en/catalog/products/40267380/,ISUNDA,"Cushion cover, gray",http://www.ikea.com/us/en/images/products/isunda-cushion-cover-gray__0243330_PE382642_S4.JPG,14.00,Living room,40267380
http://www.ikea.com/us/en/catalog/products/50262004/,ISUNDA,"Cushion cover, orange",http://www.ikea.com/us/en/images/products/isunda-cushion-cover-orange__0243331_PE382646_S4.JPG,14.00,Living room,50262004
http://www.ikea.com/us/en/catalog/products/S29896362/,IVAR,"1 section with shelves, pine",http://www.ikea.com/us/en/images/products/ivar-section-with-shelves__0169608_PE323553_S4.JPG,83.00,Living room,29896362
http://www.ikea.com/us/en/catalog/products/S29896381/,IVAR,"2 sections/shelves, pine",http://www.ikea.com/us/en/images/products/ivar-sections-shelves__0139237_PE299070_S4.JPG,128.00,Living room,29896381
http://www.ikea.com/us/en/catalog/products/S19031431/,IVAR,"3 sections/shelves, pine",http://www.ikea.com/us/en/images/products/ivar-sections-shelves__0103924_PE250450_S4.JPG,204.50,Living room,19031431
http://www.ikea.com/us/en/catalog/products/90263902/,IVAR,"Chair, pine",http://www.ikea.com/us/en/images/products/ivar-chair__0286591_PE423177_S4.JPG,25.00,Dining,90263902
