http://www.ikea.com/us/en/catalog/products/60305729/,JACKFRUKT,"Herb scissors, green",http://www.ikea.com/us/en/images/products/jackfrukt-herb-scissors-green__0313281_PE513842_S4.JPG,4.99,Outdoor,60305729
http://www.ikea.com/us/en/catalog/products/80288917/,JACKFRUKT,"Pruning shears, turquoise",http://www.ikea.com/us/en/images/products/jackfrukt-pruning-shears-turquoise__0390516_PE560059_S4.JPG,6.99,Outdoor,80288917
http://www.ikea.com/us/en/catalog/products/80242892/,JÄLL,"Drying rack, indoor/outdoor, white",http://www.ikea.com/us/en/images/products/jall-drying-rack-indoor-outdoor-white__0185548_PE337555_S4.JPG,8.99,Laundry,80242892
http://www.ikea.com/us/en/catalog/products/70118968/,JÄLL,"Laundry bag with stand, white",http://www.ikea.com/us/en/images/products/jall-laundry-bag-with-stand-white__0179418_PE331772_S4.JPG,5.99,Laundry,70118968
http://www.ikea.com/us/en/catalog/products/40123457/,JÄLL,"Organizer, blue",http://www.ikea.com/us/en/images/products/jall-organizer-blue__71284_PE186614_S4.JPG,2.99,Bedroom,40123457
http://www.ikea.com/us/en/catalog/products/20242890/,JÄLL,Tabletop ironing board,http://www.ikea.com/us/en/images/products/jall-tabletop-ironing-board__0175751_PE329160_S4.JPG,4.99,Laundry,20242890
http://www.ikea.com/us/en/catalog/products/10233669/,JÄMFÖRLIG,"Hand held whisk, black, red",http://www.ikea.com/us/en/images/products/jamforlig-hand-held-whisk-black__0244206_PE383403_S4.JPG,12.99,Cooking,10233669
http://www.ikea.com/us/en/catalog/products/00256053/,JÄMNT,"Mug, white, dark blue",http://www.ikea.com/us/en/images/products/jamnt-mug-blue__0237225_PE376618_S4.JPG,3.99,Eating,00256053
http://www.ikea.com/us/en/catalog/products/40280517/,JANINGE,"Armchair, gray",http://www.ikea.com/us/en/images/products/janinge-armchair-gray__0325074_PE517375_S4.JPG,69.00,Dining,40280517
http://www.ikea.com/us/en/catalog/products/80280515/,JANINGE,"Armchair, white",http://www.ikea.com/us/en/images/products/janinge-armchair-white__0325075_PE520756_S4.JPG,69.00,Dining,80280515
http://www.ikea.com/us/en/catalog/products/10281354/,JANINGE,"Bar stool, gray",http://www.ikea.com/us/en/images/products/janinge-bar-stool-gray__0328892_PE520638_S4.JPG,129.00,Dining,10281354
http://www.ikea.com/us/en/catalog/products/70246089/,JANINGE,"Bar stool, white",http://www.ikea.com/us/en/images/products/janinge-bar-stool-white__0368701_PE549626_S4.JPG,129.00,Dining,70246089
http://www.ikea.com/us/en/catalog/products/00246078/,JANINGE,"Chair, white",http://www.ikea.com/us/en/images/products/janinge-chair-white__0325072_PE517373_S4.JPG,59.00,Dining,00246078
http://www.ikea.com/us/en/catalog/products/60246080/,JANINGE,"Chair, yellow",http://www.ikea.com/us/en/images/products/janinge-chair-yellow__0325073_PE517376_S4.JPG,59.00,Dining,60246080
http://www.ikea.com/us/en/catalog/products/20132537/,JANUARI,"Cord set with diffuser, nickel plated",http://www.ikea.com/us/en/images/products/januari-cord-set-with-diffuser__0102006_PE246252_S4.JPG,10.00,Living room,20132537
http://www.ikea.com/us/en/catalog/products/20293460/,JÄPPLING,"Chair, Skinnarp dark brown",http://www.ikea.com/us/en/images/products/jappling-chair-brown__0403831_PE566131_S4.JPG,149.00,Living room,20293460
http://www.ikea.com/us/en/catalog/products/40293402/,JÄPPLING,"Footstool frame, Skinnarp dark brown",http://www.ikea.com/us/en/images/products/jappling-footstool-frame-brown__0368909_PE551191_S4.JPG,79.00,Living room,40293402
http://www.ikea.com/us/en/catalog/products/80293400/,JÄPPLING,"Sofa, Skinnarp dark brown",http://www.ikea.com/us/en/images/products/jappling-sofa-brown__0368904_PE551192_S4.JPG,399.00,Living room,80293400
http://www.ikea.com/us/en/catalog/products/20204483/,JÄRA,"Lamp shade, white",http://www.ikea.com/us/en/images/products/jara-lamp-shade-white__0331374_PE522994_S4.JPG,8.99,Living room,20204483
http://www.ikea.com/us/en/catalog/products/80228626/,JÄRA,"Lamp shade, gray",http://www.ikea.com/us/en/images/products/jara-lamp-shade-gray__0139929_PE299750_S4.JPG,8.99,Living room,80228626
http://www.ikea.com/us/en/catalog/products/50248027/,JÄTTELITEN,"7-pc finger puppets & accessories, multicolor",http://www.ikea.com/us/en/images/products/jatteliten-pc-finger-puppets-accessories-assorted-colors__0180269_PE332508_S4.JPG,4.99,Children's IKEA,50248027
http://www.ikea.com/us/en/catalog/products/20298033/,JÄTTESTOR,"Soft toy, elephant, gray",http://www.ikea.com/us/en/images/products/jattestor-soft-toy-gray__61511_PE167902_S4.JPG,14.99,Children's IKEA,20298033
http://www.ikea.com/us/en/catalog/products/90259189/,JÄTTEVIKTIG,"Candle holder, set of 2, white",http://www.ikea.com/us/en/images/products/jatteviktig-candle-holder-set-of-white__0346782_PE533943_S4.JPG,17.99,Decoration,90259189
http://www.ikea.com/us/en/catalog/products/50211104/,JOKKMOKK,"Table and 4 chairs, antique stain",http://www.ikea.com/us/en/images/products/jokkmokk-table-and-chairs__0122105_PE278490_S4.JPG,179.00,Dining,50211104
http://www.ikea.com/us/en/catalog/products/60224101/,JÖMNA,"Spring mattress, medium gray",http://www.ikea.com/us/en/images/products/jomna-spring-mattress-gray__0147203_PE306020_S4.JPG,79.00,Bedroom,60224101
http://www.ikea.com/us/en/catalog/products/80309986/,JORDGUBBE,"Plant pot, indoor/outdoor, gray",http://www.ikea.com/us/en/images/products/jordgubbe-plant-pot-gray__0406539_PE578106_S4.JPG,9.99,Decoration,80309986
http://www.ikea.com/us/en/catalog/products/80285853/,JORDGUBBE,"Plant pot, indoor/outdoor, white",http://www.ikea.com/us/en/images/products/jordgubbe-plant-pot-white__0406542_PE578105_S4.JPG,9.99,Decoration,80285853
http://www.ikea.com/us/en/catalog/products/10269615/,JORDRÖK,"Pillow, firmer",http://www.ikea.com/us/en/images/products/jordrok-pillow-firmer__0311339_PE407250_S4.JPG,17.99,Bedroom,10269615
http://www.ikea.com/us/en/catalog/products/70269617/,JORDRÖK,"Pillow, softer",http://www.ikea.com/us/en/images/products/jordrok-pillow-softer__0311327_PE407233_S4.JPG,14.99,Bedroom,70269617
http://www.ikea.com/us/en/catalog/products/00168990/,JOSEF,"Cabinet, indoor/outdoor, dark gray gray",http://www.ikea.com/us/en/images/products/josef-cabinet-indoor-outdoor-gray__0136832_PE294719_S4.JPG,44.99,Outdoor,00168990
http://www.ikea.com/us/en/catalog/products/00279262/,JOXTORP,"Pendant lamp shade, orange",http://www.ikea.com/us/en/images/products/joxtorp-pendant-lamp-shade-orange__0315470_PE516620_S4.JPG,3.99,Living room,00279262
http://www.ikea.com/us/en/catalog/products/10279266/,JOXTORP,"Pendant lamp shade, dark blue",http://www.ikea.com/us/en/images/products/joxtorp-pendant-lamp-shade-blue__0364946_PE548821_S4.JPG,6.99,Living room,10279266
http://www.ikea.com/us/en/catalog/products/80279263/,JOXTORP,"Pendant lamp shade, light green",http://www.ikea.com/us/en/images/products/joxtorp-pendant-lamp-shade-green__0364943_PE548822_S4.JPG,4.99,Living room,80279263
http://www.ikea.com/us/en/catalog/products/40154401/,JUBLA,"Unscented candle, white",http://www.ikea.com/us/en/images/products/jubla-unscented-candle-white__0115027_PE268102_S4.JPG,9.99,Decoration,40154401
http://www.ikea.com/us/en/catalog/products/60191916/,JUBLA,"Unscented chandelier candle, white",http://www.ikea.com/us/en/images/products/jubla-unscented-chandelier-candle-white__0112680_PE264575_S4.JPG,7.99,Decoration,60191916
http://www.ikea.com/us/en/catalog/products/00258599/,JUDIT,"Table-runner, patterned dark green",http://www.ikea.com/us/en/images/products/judit-table-runner-green__0271472_PE413285_S4.JPG,9.99,Textiles & Rugs,00258599
http://www.ikea.com/us/en/catalog/products/00285791/,JUJUBÄR,"Plant pot with saucer, black",http://www.ikea.com/us/en/images/products/jujubar-plant-pot-with-saucer-black__0398372_PE563917_S4.JPG,4.99,Decoration,00285791
http://www.ikea.com/us/en/catalog/products/90285796/,JUJUBÄR,"Plant pot with saucer, white",http://www.ikea.com/us/en/images/products/jujubar-plant-pot-with-saucer-white__0398374_PE563918_S4.JPG,4.99,Decoration,90285796
http://www.ikea.com/us/en/catalog/products/S49091249/,JULES,"Junior desk chair, blue, silver color",http://www.ikea.com/us/en/images/products/jules-junior-desk-chair-blue__0396109_PE564643_S4.JPG,34.99,Office furniture,49091249
http://www.ikea.com/us/en/catalog/products/30258965/,JUSTERA,"20-piece flatware set, stainless steel",http://www.ikea.com/us/en/images/products/justera-piece-flatware-set__0371842_PE551780_S4.JPG,24.99,Eating,30258965
http://www.ikea.com/us/en/catalog/products/50307837/,JUSTINA,"Chair pad, natural",http://www.ikea.com/us/en/images/products/justina-chair-pad-beige__0110995_PE261630_S4.JPG,4.99,Textiles & Rugs,50307837
http://www.ikea.com/us/en/catalog/products/70307836/,JUSTINA,"Chair pad, gray",http://www.ikea.com/us/en/images/products/justina-chair-pad-gray__0110994_PE261629_S4.JPG,4.99,Textiles & Rugs,70307836
http://www.ikea.com/us/en/catalog/products/90304422/,JUSTINA,"Chair pad, green",http://www.ikea.com/us/en/images/products/justina-chair-pad-green__0356144_PE549212_S4.JPG,4.99,Textiles & Rugs,90304422
http://www.ikea.com/us/en/catalog/products/20304425/,JUSTINA,"Chair pad, gray/black",http://www.ikea.com/us/en/images/products/justina-chair-pad-assorted-colors__0356134_PE551440_S4.JPG,4.99,Textiles & Rugs,20304425
http://www.ikea.com/us/en/catalog/products/30291875/,JYSSEN,Wireless charger,http://www.ikea.com/us/en/images/products/jyssen-wireless-charger__0367619_PE549542_S4.JPG,29.99,Wireless charging,30291875
