http://www.ikea.com/us/en/catalog/products/90311762/,KACKLING,"Easter egg, dotted assorted colors",http://www.ikea.com/us/en/images/products/kackling-easter-egg-assorted-colors__0417733_PE575670_S4.JPG,2.99,Decoration,90311762
http://www.ikea.com/us/en/catalog/products/90144891/,KAFFE HELA BÖNOR MÖRKROST,"Coffee whole beans, dark roast, Utz certified",http://www.ikea.com/us/en/images/products/kaffe-hela-bonor-morkrost-coffee-whole-beans-dark-roast__0087051_PE215999_S4.JPG,4.99,Food,90144891
http://www.ikea.com/us/en/catalog/products/00278149/,KAITUM,"Mirror with integrated lighting, battery operated",http://www.ikea.com/us/en/images/products/kaitum-mirror-with-integrated-lighting__0371690_PE551253_S4.JPG,19.99,Bathroom,00278149
http://www.ikea.com/us/en/catalog/products/30308060/,KAJUTA,"Table lamp, blue",http://www.ikea.com/us/en/images/products/kajuta-table-lamp-blue__0351336_PE538975_S4.JPG,14.99,Living room,30308060
http://www.ikea.com/us/en/catalog/products/90238979/,KAKA CHOKLADTRYFFEL,"Chocolate truffle cake, frozen",http://www.ikea.com/us/en/images/products/kaka-chokladtryffel-chocolate-truffle-cake-frozen__0145190_PE304588_S4.JPG,3.99,Food,90238979
http://www.ikea.com/us/en/catalog/products/80305808/,KAKOR CHOKLAD,Biscuit with chocolate filling,http://www.ikea.com/us/en/images/products/kakor-choklad-biscuit-with-chocolate-filling__0372502_PE553465_S4.JPG,1.69,Food,80305808
http://www.ikea.com/us/en/catalog/products/70124686/,KAKOR CHOKLADFLARN,"Chocolate crisps, double",http://www.ikea.com/us/en/images/products/kakor-chokladflarn-chocolate-crisps-double__74505_PE191681_S4.JPG,7.99,Food,70124686
http://www.ikea.com/us/en/catalog/products/49650057/,KAKOR HAVREFLARN,Oat crisps,http://www.ikea.com/us/en/images/products/kakor-havreflarn-oat-crisps__66444_PE179371_S4.JPG,7.99,Food,49650057
http://www.ikea.com/us/en/catalog/products/20150927/,KAKOR HAVRE,Oat biscuits,http://www.ikea.com/us/en/images/products/kakor-havre-oat-biscuits__0090072_PE223513_S4.JPG,2.49,Food,20150927
http://www.ikea.com/us/en/catalog/products/40282757/,KALANCHOE,"Potted plant, Flaming Katy, assorted colors",http://www.ikea.com/us/en/images/products/kalanchoe-potted-plant-assorted-colors__0094789_PE232700_S4.JPG,3.99,Outdoor,40282757
http://www.ikea.com/us/en/catalog/products/90192962/,KALAS,"18-piece flatware set, assorted colors",http://www.ikea.com/us/en/images/products/kalas-piece-flatware-set-assorted-colors__0145351_PE304800_S4.JPG,1.99,Children's IKEA,90192962
http://www.ikea.com/us/en/catalog/products/50186109/,KALASA,"Plant pot, white",http://www.ikea.com/us/en/images/products/kalasa-plant-pot-white__0115948_PE270029_S4.JPG,9.99,Decoration,50186109
http://www.ikea.com/us/en/catalog/products/30192960/,KALAS,"Bowl, assorted colors",http://www.ikea.com/us/en/images/products/kalas-bowl-assorted-colors__0145350_PE304799_S4.JPG,1.99,Children's IKEA,30192960
http://www.ikea.com/us/en/catalog/products/50149664/,KALASET,"Espresso cup and saucer, stainless steel",http://www.ikea.com/us/en/images/products/kalaset-espresso-cup-and-saucer__0106539_PE254654_S4.JPG,7.99,Eating,50149664
http://www.ikea.com/us/en/catalog/products/50192959/,KALAS,"Plate, assorted colors",http://www.ikea.com/us/en/images/products/kalas-plate-assorted-colors__0145362_PE304807_S4.JPG,1.99,Children's IKEA,50192959
http://www.ikea.com/us/en/catalog/products/10192956/,KALAS,"Tumbler, assorted colors",http://www.ikea.com/us/en/images/products/kalas-tumbler-assorted-colors__0145357_PE304804_S4.JPG,1.99,Children's IKEA,10192956
http://www.ikea.com/us/en/catalog/products/50291474/,KALKGRUND,"Knob hanger, chrome plated",http://www.ikea.com/us/en/images/products/kalkgrund-knob-hanger__0326134_PE517506_S4.JPG,7.99,Bathroom,50291474
http://www.ikea.com/us/en/catalog/products/S99030588/,KALLAX / LEKMAN,"Shelf unit with 4 inserts, white",http://www.ikea.com/us/en/images/products/kallax-lekman-shelf-unit-with-inserts-white__0271658_PE413479_S4.JPG,200.96,Living room,99030588
http://www.ikea.com/us/en/catalog/products/S99030593/,KALLAX / TJENA,"Shelf unit with 4 inserts, black-brown",http://www.ikea.com/us/en/images/products/kallax-tjena-shelf-unit-with-inserts__0271665_PE413501_S4.JPG,168.96,Living room,99030593
http://www.ikea.com/us/en/catalog/products/S39046554/,KALLAX,"Workstation, white",http://www.ikea.com/us/en/images/products/kallax-workstation-white__0307579_PE427697_S4.JPG,328.98,Office furniture,39046554
http://www.ikea.com/us/en/catalog/products/S59046553/,KALLAX,"Workstation, white",http://www.ikea.com/us/en/images/products/kallax-workstation-white__0307587_PE427691_S4.JPG,154.98,Office furniture,59046553
http://www.ikea.com/us/en/catalog/products/S89123050/,KALLAX,"Workstation, white/green, white",http://www.ikea.com/us/en/images/products/kallax-workstation-white__0366678_PE549104_S4.JPG,154.98,Office furniture,89123050
http://www.ikea.com/us/en/catalog/products/S29123053/,KALLAX,"Workstation, white/green",http://www.ikea.com/us/en/images/products/kallax-workstation-white__0366696_PE549107_S4.JPG,284.98,Office furniture,29123053
http://www.ikea.com/us/en/catalog/products/S49123047/,KALLAX,"Workstation, white/green",http://www.ikea.com/us/en/images/products/kallax-workstation-white__0366684_PE549105_S4.JPG,132.98,Office furniture,49123047
http://www.ikea.com/us/en/catalog/products/S19123058/,KALLAX,"Workstation, white/green",http://www.ikea.com/us/en/images/products/kallax-workstation-white__0366698_PE549117_S4.JPG,328.98,Office furniture,19123058
http://www.ikea.com/us/en/catalog/products/S49133616/,KALLAX,"Workstation, white, blue",http://www.ikea.com/us/en/images/products/kallax-workstation-white__0396026_PE564512_S4.JPG,224.98,Office furniture,49133616
http://www.ikea.com/us/en/catalog/products/S89133681/,KALLAX,"Workstation, white, blue",http://www.ikea.com/us/en/images/products/kallax-workstation-white__0396054_PE564511_S4.JPG,102.98,Office furniture,89133681
http://www.ikea.com/us/en/catalog/products/40298008/,KAMRATLIG,"Soft toy, red, heart",http://www.ikea.com/us/en/images/products/kamratlig-soft-toy-red__0375738_PE553768_S4.JPG,0.99,Children's IKEA,40298008
http://www.ikea.com/us/en/catalog/products/40212972/,KANELBULLAR,"Ready to bake cinnamon bun, frozen",http://www.ikea.com/us/en/images/products/kanelbullar-ready-to-bake-cinnamon-bun-frozen__0124562_PE281302_S4.JPG,3.99,Food,40212972
http://www.ikea.com/us/en/catalog/products/50086647/,KANIST,"Vase, clear glass",http://www.ikea.com/us/en/images/products/kanist-vase__45057_PE140814_S4.JPG,7.99,Decoration,50086647
http://www.ikea.com/us/en/catalog/products/20222222/,KANSLI,"Handle, chrome plated",http://www.ikea.com/us/en/images/products/kansli-handle__0140860_PE300860_S4.JPG,12.99,Living room,20222222
http://www.ikea.com/us/en/catalog/products/70269245/,KARIT,"Bedspread and 2 cushion covers, beige         39.99",http://www.ikea.com/us/en/images/products/karit-bedspread-and-cushion-covers-beige__0419037_PE576024_S4.JPG,32.99,Bedroom,70269245
http://www.ikea.com/us/en/catalog/products/20290249/,KARIT,"Bedspread and cushion cover, turquoise",http://www.ikea.com/us/en/images/products/karit-bedspread-and-cushion-cover-turquoise__0419060_PE576047_S4.JPG,29.99,Bedroom,20290249
http://www.ikea.com/us/en/catalog/products/40290248/,KARIT,"Bedspread and cushion cover, gray",http://www.ikea.com/us/en/images/products/karit-bedspread-and-cushion-cover-gray__0419074_PE576061_S4.JPG,29.99,Bedroom,40290248
http://www.ikea.com/us/en/catalog/products/70290261/,KARIT,"Bedspread and cushion cover, lilac",http://www.ikea.com/us/en/images/products/karit-bedspread-and-cushion-cover-lilac__0419073_PE576060_S4.JPG,29.99,Bedroom,70290261
http://www.ikea.com/us/en/catalog/products/20275140/,KARLBY,"Countertop, birch",http://www.ikea.com/us/en/images/products/karlby-countertop__0315446_PE513850_S4.JPG,139.00,Kitchen & appliances,20275140
http://www.ikea.com/us/en/catalog/products/40275139/,KARLBY,"Countertop, beech",http://www.ikea.com/us/en/images/products/karlby-countertop__0315390_PE513856_S4.JPG,139.00,Kitchen & appliances,40275139
http://www.ikea.com/us/en/catalog/products/50267978/,KARLBY,"Countertop, oak",http://www.ikea.com/us/en/images/products/karlby-countertop__0315393_PE513854_S4.JPG,139.00,Kitchen & appliances,50267978
http://www.ikea.com/us/en/catalog/products/10301149/,KARLBY,"Countertop, walnut",http://www.ikea.com/us/en/images/products/karlby-countertop__0315438_PE513852_S4.JPG,189.00,Kitchen & appliances,10301149
http://www.ikea.com/us/en/catalog/products/30297641/,KARLBY,"Countertop for kitchen island, walnut",http://www.ikea.com/us/en/images/products/karlby-countertop-for-kitchen-island__0315438_PE513852_S4.JPG,269.00,Kitchen & appliances,30297641
http://www.ikea.com/us/en/catalog/products/S79048443/,KARLSÖ / LÖKÖ,"Umbrella with base, tilting beige, gray",http://www.ikea.com/us/en/images/products/karlso-loko-umbrella-with-base-beige__0307936_PE427966_S4.JPG,118.99,Outdoor,79048443
http://www.ikea.com/us/en/catalog/products/S39048435/,KARLSÖ / SVARTÖ,"Hanging umbrella with base, black, dark gray",http://www.ikea.com/us/en/images/products/karlso-svarto-hanging-umbrella-with-base-black__0310538_PE516638_S4.JPG,149.00,Outdoor,39048435
http://www.ikea.com/us/en/catalog/products/10260295/,KARLSÖ,"Umbrella, hanging, beige",http://www.ikea.com/us/en/images/products/karlso-umbrella-hanging-beige__0369414_PE551967_S4.JPG,99.00,Outdoor,10260295
http://www.ikea.com/us/en/catalog/products/20290678/,KARLSÖ,"Umbrella, tilting, beige",http://www.ikea.com/us/en/images/products/karlso-umbrella-beige__0360426_PE544183_S4.JPG,69.00,Outdoor,20290678
http://www.ikea.com/us/en/catalog/products/40294982/,KARMSUND,"Floor mirror, black",http://www.ikea.com/us/en/images/products/karmsund-floor-mirror-black__0367481_PE549477_S4.JPG,54.99,Bedroom,40294982
http://www.ikea.com/us/en/catalog/products/20294983/,KARMSUND,"Table mirror, black",http://www.ikea.com/us/en/images/products/karmsund-table-mirror-black__0367487_PE549471_S4.JPG,44.99,Bedroom,20294983
http://www.ikea.com/us/en/catalog/products/00294979/,KARMSUND,"Table mirror, black",http://www.ikea.com/us/en/images/products/karmsund-table-mirror-black__0367484_PE549474_S4.JPG,14.99,Bedroom,00294979
http://www.ikea.com/us/en/catalog/products/80288408/,KARPALUND,"Underframe, black",http://www.ikea.com/us/en/images/products/karpalund-underframe-black__0292533_PE425309_S4.JPG,100.00,Dining,80288408
http://www.ikea.com/us/en/catalog/products/30257490/,KÄRRNÄVA,"Textile decorative patches, assorted colors",http://www.ikea.com/us/en/images/products/karrnava-textile-decorative-patches-assorted-colors__0191172_PE345213_S4.JPG,4.99,Living room,30257490
http://www.ikea.com/us/en/catalog/products/50264753/,KASSEBY,"Display box, white",http://www.ikea.com/us/en/images/products/kasseby-display-box-white__0367670_PE549559_S4.JPG,17.99,Decoration,50264753
http://www.ikea.com/us/en/catalog/products/30232956/,KASTRULL,"Pot with lid, green",http://www.ikea.com/us/en/images/products/kastrull-pot-with-lid-green__0239577_PE379162_S4.JPG,24.99,Cooking,30232956
http://www.ikea.com/us/en/catalog/products/20232952/,KASTRULL,"Saucepan with lid, green",http://www.ikea.com/us/en/images/products/kastrull-saucepan-with-lid-green__0239581_PE379164_S4.JPG,19.99,Cooking,20232952
http://www.ikea.com/us/en/catalog/products/10163789/,KATTRUP,"Rug, flatwoven, red handmade red, multicolor",http://www.ikea.com/us/en/images/products/kattrup-rug-flatwoven-assorted-colors__66555_PE179597_S4.JPG,139.00,Living room,10163789
http://www.ikea.com/us/en/catalog/products/10242838/,KAUSTBY,"Chair, brown-black",http://www.ikea.com/us/en/images/products/kaustby-chair-black__0173549_PE327684_S4.JPG,49.00,Dining,10242838
http://www.ikea.com/us/en/catalog/products/20245756/,KAUSTBY,"Chair, antique stain",http://www.ikea.com/us/en/images/products/kaustby-chair__0173544_PE327678_S4.JPG,49.00,Dining,20245756
http://www.ikea.com/us/en/catalog/products/40139321/,KAVALKAD,"Frying pan, set of 2, black",http://www.ikea.com/us/en/images/products/kavalkad-frying-pan-set-of-black__81255_PE205897_S4.JPG,8.99,Cooking,40139321
http://www.ikea.com/us/en/catalog/products/60139320/,KAVALKAD,"Frying pan, black",http://www.ikea.com/us/en/images/products/kavalkad-frying-pan-black__81254_PE205896_S4.JPG,4.99,Cooking,60139320
http://www.ikea.com/us/en/catalog/products/20139322/,KAVALKAD,"Saucepan, set of 3, black",http://www.ikea.com/us/en/images/products/kavalkad-saucepan-set-of-black__81256_PE205898_S4.JPG,12.99,Cooking,20139322
http://www.ikea.com/us/en/catalog/products/90309387/,KEJSARKRONA,"20-piece flatware set, stainless steel",http://www.ikea.com/us/en/images/products/kejsarkrona-piece-flatware-set__0382260_PE557028_S4.JPG,24.99,Eating,90309387
http://www.ikea.com/us/en/catalog/products/00298005/,KELGRIS,"Soft toy, pig assorted designs",http://www.ikea.com/us/en/images/products/kelgris-soft-toy__0375712_PE553773_S4.JPG,2.99,Children's IKEA,00298005
http://www.ikea.com/us/en/catalog/products/40129020/,KEX,Biscuits,http://www.ikea.com/us/en/images/products/kex-biscuits__0119069_PE275212_S4.JPG,2.49,Food,40129020
http://www.ikea.com/us/en/catalog/products/40283064/,KILINGE,"Recessed spotlight, indoor/outdoor, white",http://www.ikea.com/us/en/images/products/kilinge-recessed-spotlight-white__0372144_PE552901_S4.JPG,5.99,Living room,40283064
http://www.ikea.com/us/en/catalog/products/70283067/,KILINGE,"Recessed spotlight, indoor/outdoor, adjustable white",http://www.ikea.com/us/en/images/products/kilinge-recessed-spotlight-white__0372143_PE552902_S4.JPG,7.99,Living room,70283067
http://www.ikea.com/us/en/catalog/products/10251917/,KILOMETER,"Light chain w 48 bulbs, indoor",http://www.ikea.com/us/en/images/products/kilometer-light-chain-w-bulbs-indoor__0367803_PE549402_S4.JPG,12.99,Outdoor,10251917
http://www.ikea.com/us/en/catalog/products/70253999/,KILOMETER,"Light chain with 24 bulbs, indoor, flower, white",http://www.ikea.com/us/en/images/products/kilometer-light-chain-with-bulbs-indoor-white__0367794_PE549411_S4.JPG,14.99,Outdoor,70253999
http://www.ikea.com/us/en/catalog/products/10252484/,KILOMETER,"Light chain with 24 bulbs,outdoor, star",http://www.ikea.com/us/en/images/products/kilometer-light-chain-with-bulbs-outdoor__0277198_PE418319_S4.JPG,19.99,Outdoor,10252484
http://www.ikea.com/us/en/catalog/products/00208043/,KLABB,"Floor lamp, off-white",http://www.ikea.com/us/en/images/products/klabb-floor-lamp-white__0281602_PE419952_S4.JPG,89.99,Living room,00208043
http://www.ikea.com/us/en/catalog/products/70268707/,KLABB,"Floor lamp, light brown",http://www.ikea.com/us/en/images/products/klabb-floor-lamp-brown__0281599_PE419953_S4.JPG,89.99,Living room,70268707
http://www.ikea.com/us/en/catalog/products/10295676/,KLABB,"Floor lamp, light brown, bronze color",http://www.ikea.com/us/en/images/products/klabb-floor-lamp-yellow__0367631_PE549432_S4.JPG,89.99,Living room,10295676
http://www.ikea.com/us/en/catalog/products/90295677/,KLABB,"Floor lamp, light brown, bronze color",http://www.ikea.com/us/en/images/products/klabb-floor-lamp-yellow__0367631_PE549432_S4.JPG,99.99,Living room,90295677
http://www.ikea.com/us/en/catalog/products/20280231/,KLABB,"Table lamp, off-white",http://www.ikea.com/us/en/images/products/klabb-table-lamp-white__0429069_PE583835_S4.JPG,29.99,Living room,20280231
http://www.ikea.com/us/en/catalog/products/70268731/,KLABB,"Table lamp, turquoise",http://www.ikea.com/us/en/images/products/klabb-table-lamp-turquoise__0256229_PE400007_S4.JPG,29.99,Living room,70268731
http://www.ikea.com/us/en/catalog/products/80268740/,KLABB,"Table lamp, light brown",http://www.ikea.com/us/en/images/products/klabb-table-lamp-brown__0256063_PE399905_S4.JPG,29.99,Living room,80268740
http://www.ikea.com/us/en/catalog/products/80295668/,KLABB,"Table lamp, turquoise",http://www.ikea.com/us/en/images/products/klabb-table-lamp-turquoise__0343162_PE530282_S4.JPG,44.99,Living room,80295668
http://www.ikea.com/us/en/catalog/products/00295672/,KLABB,"Table lamp, off-white",http://www.ikea.com/us/en/images/products/klabb-table-lamp-white__0343161_PE530283_S4.JPG,44.99,Living room,00295672
http://www.ikea.com/us/en/catalog/products/20295671/,KLABB,"Table lamp, light brown",http://www.ikea.com/us/en/images/products/klabb-table-lamp-brown__0343159_PE530285_S4.JPG,49.99,Living room,20295671
http://www.ikea.com/us/en/catalog/products/40295670/,KLABB,"Table lamp, light brown",http://www.ikea.com/us/en/images/products/klabb-table-lamp-brown__0343159_PE530285_S4.JPG,44.99,Living room,40295670
http://www.ikea.com/us/en/catalog/products/50296117/,KLABB,"Table lamp, turquoise",http://www.ikea.com/us/en/images/products/klabb-table-lamp-turquoise__0343162_PE530282_S4.JPG,49.99,Living room,50296117
http://www.ikea.com/us/en/catalog/products/60295669/,KLABB,"Table lamp, off-white",http://www.ikea.com/us/en/images/products/klabb-table-lamp-white__0343161_PE530283_S4.JPG,49.99,Living room,60295669
http://www.ikea.com/us/en/catalog/products/60295674/,KLABB,"Table lamp, light brown, bronze color",http://www.ikea.com/us/en/images/products/klabb-table-lamp-yellow__0343160_PE530284_S4.JPG,49.99,Living room,60295674
http://www.ikea.com/us/en/catalog/products/80295673/,KLABB,"Table lamp, light brown, bronze color",http://www.ikea.com/us/en/images/products/klabb-table-lamp-yellow__0343160_PE530284_S4.JPG,44.99,Living room,80295673
http://www.ikea.com/us/en/catalog/products/06410406/,KLACK,"Tray, rubberwood",http://www.ikea.com/us/en/images/products/klack-tray__15449_PE082139_S4.JPG,7.99,Eating,06410406
http://www.ikea.com/us/en/catalog/products/30178006/,KLADD RANDIG,"Bib, green, orange",http://www.ikea.com/us/en/images/products/kladd-randig-bib-green__0105550_PE252954_S4.JPG,2.99,Children's IKEA,30178006
http://www.ikea.com/us/en/catalog/products/10151079/,KLAMBY,"Picture, Golden Gate",http://www.ikea.com/us/en/images/products/klamby-picture__0429420_PE225273_S4.JPG,49.99,Decoration,10151079
http://www.ikea.com/us/en/catalog/products/20151861/,KLAMBY,"Picture, Chicago",http://www.ikea.com/us/en/images/products/klamby-picture__0429416_PE242127_S4.JPG,49.99,Decoration,20151861
http://www.ikea.com/us/en/catalog/products/40151860/,KLAMBY,"Picture, Los Angeles",http://www.ikea.com/us/en/images/products/klamby-picture__0110104_PE260061_S4.JPG,49.99,Decoration,40151860
http://www.ikea.com/us/en/catalog/products/40257423/,KLAMPEN,"Cart, black-brown",http://www.ikea.com/us/en/images/products/klampen-cart-brown__0183118_PE334381_S4.JPG,89.99,Bathroom,40257423
http://www.ikea.com/us/en/catalog/products/70292364/,KLÄMTARE,"Box with lid, indoor/outdoor, dark gray",http://www.ikea.com/us/en/images/products/klamtare-box-with-lid-indoor-outdoor-gray__0400260_PE564173_S4.JPG,11.99,Living room,70292364
http://www.ikea.com/us/en/catalog/products/S89931800/,KLASEN,"Charcoal grill, stainless steel black",http://www.ikea.com/us/en/images/products/klasen-charcoal-grill__0187921_PE340879_S4.JPG,119.00,Outdoor,89931800
http://www.ikea.com/us/en/catalog/products/S19931808/,KLASEN,"Charcoal grill with cart, stainless steel",http://www.ikea.com/us/en/images/products/klasen-charcoal-grill-with-cart__0212988_PE367120_S4.JPG,228.00,Outdoor,19931808
http://www.ikea.com/us/en/catalog/products/S49931802/,KLASEN,"Serving cart, outdoor, stainless steel black",http://www.ikea.com/us/en/images/products/klasen-serving-cart-outdoor-black__0187922_PE340880_S4.JPG,109.00,Outdoor,49931802
http://www.ikea.com/us/en/catalog/products/40277770/,KLIMPEN,"Add-on unit, white",http://www.ikea.com/us/en/images/products/klimpen-add-on-unit-white__0279174_PE418859_S4.JPG,39.99,Living room,40277770
http://www.ikea.com/us/en/catalog/products/10277776/,KLIMPEN,"Drawer unit, white",http://www.ikea.com/us/en/images/products/klimpen-drawer-unit-white__0279179_PE418854_S4.JPG,89.00,Office furniture,10277776
http://www.ikea.com/us/en/catalog/products/20277785/,KLIMPEN,"Table leg with storage, white",http://www.ikea.com/us/en/images/products/klimpen-table-leg-with-storage-white__0279183_PE418856_S4.JPG,69.00,Office furniture,20277785
http://www.ikea.com/us/en/catalog/products/90128565/,KLINGSBO,"Coffee table, black, clear glass",http://www.ikea.com/us/en/images/products/klingsbo-coffee-table-black__80789_PE205172_S4.JPG,79.99,Living room,90128565
http://www.ikea.com/us/en/catalog/products/60128562/,KLINGSBO,"Glass-door cabinet, black, clear glass",http://www.ikea.com/us/en/images/products/klingsbo-glass-door-cabinet-black__79343_PE202930_S4.JPG,139.00,Dining,60128562
http://www.ikea.com/us/en/catalog/products/20128564/,KLINGSBO,"Side table, black, clear glass",http://www.ikea.com/us/en/images/products/klingsbo-side-table-black__79345_PE202932_S4.JPG,39.99,Living room,20128564
http://www.ikea.com/us/en/catalog/products/10299655/,KLIPPAN,"Loveseat cover, Marrehill pink, green",http://www.ikea.com/us/en/images/products/klippan-loveseat-cover-pink__0333597_PE523401_S4.JPG,79.00,Living room,10299655
http://www.ikea.com/us/en/catalog/products/S89826291/,KLIPPAN,"Loveseat, Granån black",http://www.ikea.com/us/en/images/products/klippan-loveseat-black__32946_PE089088_S4.JPG,299.00,Living room,89826291
http://www.ikea.com/us/en/catalog/products/00306294/,KLIPPAN,"Loveseat, Kimstad white",http://www.ikea.com/us/en/images/products/klippan-loveseat-white__0325283_PE517995_S4.JPG,399.00,Living room,00306294
http://www.ikea.com/us/en/catalog/products/20299240/,KLIPPAN,"Loveseat, Kimstad light brown",http://www.ikea.com/us/en/images/products/klippan-loveseat-brown__0325274_PE517993_S4.JPG,399.00,Living room,20299240
http://www.ikea.com/us/en/catalog/products/90288667/,KLIPPAN,"Loveseat, Kimstad black",http://www.ikea.com/us/en/images/products/klippan-loveseat-black__0325269_PE517992_S4.JPG,399.00,Living room,90288667
http://www.ikea.com/us/en/catalog/products/00258882/,KLIPSK,"Bed tray, white",http://www.ikea.com/us/en/images/products/klipsk-bed-tray-white__0373657_PE553485_S4.JPG,8.99,Eating,00258882
http://www.ikea.com/us/en/catalog/products/80277004/,KLOCKIS,"Clock/thermometer/alarm/timer, white",http://www.ikea.com/us/en/images/products/klockis-clock-thermometer-alarm-timer-white__0246222_PE385334_S4.JPG,4.99,Decoration,80277004
http://www.ikea.com/us/en/catalog/products/70317802/,KLOTULLÖRT,"Body pillow, white",http://www.ikea.com/us/en/images/products/klotullort-body-pillow-white__0458717_PE605657_S4.JPG,8.99,Bedroom,70317802
http://www.ikea.com/us/en/catalog/products/10114874/,KLUDD,"Noticeboard, glass",http://www.ikea.com/us/en/images/products/kludd-noticeboard__38789_PE130697_S4.JPG,19.99,Office furniture,10114874
http://www.ikea.com/us/en/catalog/products/80329710/,KLUNKA,"Laundry bin, blue/white",http://www.ikea.com/us/en/images/products/klunka-laundry-bin-assorted-colors__0400536_PE564395_S4.JPG,8.99,Laundry,80329710
http://www.ikea.com/us/en/catalog/products/80312861/,KLYSA,"Wall clock, metal black",http://www.ikea.com/us/en/images/products/klysa-wall-clock-black__0398688_PE563665_S4.JPG,29.99,Decoration,80312861
http://www.ikea.com/us/en/catalog/products/20118942/,KNÄCKEBRÖD FLERKORN,Crispbread multigrain,http://www.ikea.com/us/en/images/products/knackebrod-flerkorn-crispbread-multigrain__75867_PE195025_S4.JPG,2.99,Food,20118942
http://www.ikea.com/us/en/catalog/products/10292357/,KNAGGLIG,"Box, pine",http://www.ikea.com/us/en/images/products/knagglig-box__0311952_PE429576_S4.JPG,4.99,Living room,10292357
http://www.ikea.com/us/en/catalog/products/60282332/,KNALLA,"Umbrella, black",http://www.ikea.com/us/en/images/products/knalla-umbrella-black__0242959_PE382183_S4.JPG,3.99,IKEA FAMILY products,60282332
http://www.ikea.com/us/en/catalog/products/50313391/,KNALLA,"Umbrella, foldable black",http://www.ikea.com/us/en/images/products/knalla-umbrella-black__0367468_PE549683_S4.JPG,5.99,IKEA FAMILY products,50313391
http://www.ikea.com/us/en/catalog/products/60071344/,KNAPPA,"Pendant lamp, white",http://www.ikea.com/us/en/images/products/knappa-pendant-lamp-white__36265_PE127360_S4.JPG,24.99,Living room,60071344
http://www.ikea.com/us/en/catalog/products/00217387/,KNAPPER,"Floor mirror, white",http://www.ikea.com/us/en/images/products/knapper-floor-mirror-white__0237108_PE376235_S4.JPG,74.99,Bedroom,00217387
http://www.ikea.com/us/en/catalog/products/90243315/,KNARRA,"Basket, black-brown",http://www.ikea.com/us/en/images/products/knarra-basket-brown__0187302_PE340010_S4.JPG,8.99,Living room,90243315
http://www.ikea.com/us/en/catalog/products/50242841/,KNARRA,"Laundry basket with lining, black, brown",http://www.ikea.com/us/en/images/products/knarra-laundry-basket-with-lining-black__0207653_PE361586_S4.JPG,34.99,Laundry,50242841
http://www.ikea.com/us/en/catalog/products/40269483/,KNAVEL,"Pillow, firmer",http://www.ikea.com/us/en/images/products/knavel-pillow-firmer__0311334_PE407241_S4.JPG,64.99,Bedroom,40269483
http://www.ikea.com/us/en/catalog/products/70269537/,KNAVEL,"Pillow, softer",http://www.ikea.com/us/en/images/products/knavel-pillow-softer__0311333_PE407240_S4.JPG,64.99,Bedroom,70269537
http://www.ikea.com/us/en/catalog/products/80202023/,KNIPPE,"Hat and coat stand, nickel plated",http://www.ikea.com/us/en/images/products/knippe-hat-and-coat-stand__0157053_PE315515_S4.JPG,29.99,Hallway,80202023
http://www.ikea.com/us/en/catalog/products/20110540/,KNIPSA,"Basket, seagrass",http://www.ikea.com/us/en/images/products/knipsa-basket__65407_PE176604_S4.JPG,14.99,Living room,20110540
http://www.ikea.com/us/en/catalog/products/80206870/,KNISLINGE,"Loveseat, Kungsvik sand",http://www.ikea.com/us/en/images/products/knislinge-loveseat-white__0119784_PE276230_S4.JPG,279.00,Living room,80206870
http://www.ikea.com/us/en/catalog/products/80278923/,KNISLINGE,"Sofa, Idhult black",http://www.ikea.com/us/en/images/products/knislinge-sofa-black__0340648_PE528031_S4.JPG,299.00,Living room,80278923
http://www.ikea.com/us/en/catalog/products/60206871/,KNISLINGE,"Sofa, Kungsvik sand",http://www.ikea.com/us/en/images/products/knislinge-sofa-white__0119786_PE276232_S4.JPG,299.00,Living room,60206871
http://www.ikea.com/us/en/catalog/products/90315312/,KNODD,"Bin with lid, gray",http://www.ikea.com/us/en/images/products/knodd-bin-with-lid-gray__0372371_PE552113_S4.JPG,24.99,Bathroom,90315312
http://www.ikea.com/us/en/catalog/products/20142739/,KNOPPA,"Fitted sheet, white",http://www.ikea.com/us/en/images/products/knoppa-fitted-sheet-white__0419041_PE576028_S4.JPG,3.99,Bedroom,20142739
http://www.ikea.com/us/en/catalog/products/10265113/,KNOPPARP,"Loveseat, gray",http://www.ikea.com/us/en/images/products/knopparp-loveseat-gray__0245351_PE384118_S4.JPG,119.00,Living room,10265113
http://www.ikea.com/us/en/catalog/products/20260450/,KNORRIG,"Soft toy, pig, pink",http://www.ikea.com/us/en/images/products/knorrig-soft-toy-pink__0209159_PE362753_S4.JPG,7.99,Children's IKEA,20260450
http://www.ikea.com/us/en/catalog/products/30299485/,KNOTTEN,"Standing desk, white birch",http://www.ikea.com/us/en/images/products/knotten-standing-desk-white__0406247_PE592160_S4.JPG,149.00,Office furniture,30299485
http://www.ikea.com/us/en/catalog/products/90249398/,KNUBBIG,"Table lamp, cherry-blossoms, frosted glass white",http://www.ikea.com/us/en/images/products/knubbig-table-lamp-white__0122206_PE278557_S4.JPG,8.99,Living room,90249398
http://www.ikea.com/us/en/catalog/products/40222339/,KNUBBIG,"Table lamp, cherry-blossoms white",http://www.ikea.com/us/en/images/products/knubbig-table-lamp-white__0138401_PE297736_S4.JPG,14.99,Living room,40222339
http://www.ikea.com/us/en/catalog/products/50187340/,KNUFF,"Magazine file, set of 2, plywood",http://www.ikea.com/us/en/images/products/knuff-magazine-file-set-of-__0106930_PE256309_S4.JPG,9.99,Office furniture,50187340
http://www.ikea.com/us/en/catalog/products/80045448/,KNYCK,"Napkin holder, black",http://www.ikea.com/us/en/images/products/knyck-napkin-holder-black__23187_PE088993_S4.JPG,4.99,Eating,80045448
http://www.ikea.com/us/en/catalog/products/20296604/,KÖGE,"Door mat, gray, black",http://www.ikea.com/us/en/images/products/koge-door-mat-black__0308576_PE428266_S4.JPG,39.99,Textiles & Rugs,20296604
http://www.ikea.com/us/en/catalog/products/60285825/,KOKBANAN,"Plant pot, indoor/outdoor, black",http://www.ikea.com/us/en/images/products/kokbanan-plant-pot-black__0170589_PE324472_S4.JPG,22.99,Decoration,60285825
http://www.ikea.com/us/en/catalog/products/80317335/,KOKVRÅ - FOOD’S READY!,Book,http://www.ikea.com/us/en/images/products/kokvra-food-s-ready-book__0385181_PE558079_S4.JPG,9.99,IKEA FAMILY products,80317335
http://www.ikea.com/us/en/catalog/products/40222933/,KOLDBY,"Cowhide, brown",http://www.ikea.com/us/en/images/products/koldby-cowhide-brown__0217307_PE373644_S4.JPG,199.00,Living room,40222933
http://www.ikea.com/us/en/catalog/products/60222932/,KOLDBY,"Cowhide, black/white black",http://www.ikea.com/us/en/images/products/koldby-cowhide-black__0217306_PE373643_S4.JPG,199.00,Living room,60222932
http://www.ikea.com/us/en/catalog/products/94889900/,KOLJA,Mirror,http://www.ikea.com/us/en/images/products/kolja-mirror__26458_PE092244_S4.JPG,9.99,Bedroom,94889900
http://www.ikea.com/us/en/catalog/products/30133522/,KOLJA,"Mirror, round",http://www.ikea.com/us/en/images/products/kolja-mirror__16032_PE100309_S4.JPG,17.99,Bedroom,30133522
http://www.ikea.com/us/en/catalog/products/44881100/,KOLON,Floor protector         19.99,http://www.ikea.com/us/en/images/products/kolon-floor-protector__0292207_PE425129_S4.JPG,16.99,Office furniture,44881100
http://www.ikea.com/us/en/catalog/products/90327334/,KOMPLEMENT,"Multi-use hanger, gray",http://www.ikea.com/us/en/images/products/komplement-multi-use-hanger-gray__0426401_PE582156_S4.JPG,4.99,Bedroom,90327334
http://www.ikea.com/us/en/catalog/products/30285841/,KONSTNÄRLIG,Potpourri in glass cup,http://www.ikea.com/us/en/images/products/konstnarlig-potpourri-in-glass-cup__0368702_PE549848_S4.JPG,5.99,Decoration,30285841
http://www.ikea.com/us/en/catalog/products/S79157955/,KOPARDAL,"Bed frame, gray, Lönset",http://www.ikea.com/us/en/images/products/kopardal-bed-frame-gray__0418675_PE575712_S4.JPG,219.00,Bedroom,79157955
http://www.ikea.com/us/en/catalog/products/40159837/,KOPPANG,"3-drawer chest, white",http://www.ikea.com/us/en/images/products/koppang-drawer-chest-white__0271316_PE413005_S4.JPG,99.99,Bedroom,40159837
http://www.ikea.com/us/en/catalog/products/70319189/,KOPPARFALL,"Picture, city skyline",http://www.ikea.com/us/en/images/products/kopparfall-picture__0440293_PE593511_S4.JPG,44.99,Decoration,70319189
http://www.ikea.com/us/en/catalog/products/30319191/,KOPPARFALL,"Picture, illusion",http://www.ikea.com/us/en/images/products/kopparfall-picture__0440290_PE593508_S4.JPG,44.99,Decoration,30319191
http://www.ikea.com/us/en/catalog/products/90319188/,KOPPARFALL,"Picture, New York destinations",http://www.ikea.com/us/en/images/products/kopparfall-picture__0440287_PE593505_S4.JPG,34.99,Decoration,90319188
http://www.ikea.com/us/en/catalog/products/00086428/,KOPPLA,"3 outlet power strip, grounded, white",http://www.ikea.com/us/en/images/products/koppla-outlet-power-strip-white__0293163_PE425717_S4.JPG,3.99,Living room,00086428
http://www.ikea.com/us/en/catalog/products/10291881/,KOPPLA,3-port USB charger,http://www.ikea.com/us/en/images/products/koppla-port-usb-charger__0443304_PE594245_S4.JPG,9.99,Living room,10291881
http://www.ikea.com/us/en/catalog/products/70086401/,KOPPLA,"6 outlet power strip with switch, grounded white",http://www.ikea.com/us/en/images/products/koppla-outlet-power-strip-with-switch-white__82559_PE208484_S4.JPG,5.99,Living room,70086401
http://www.ikea.com/us/en/catalog/products/70085345/,KOPPLA,"6-way adaptor plug, grounded white",http://www.ikea.com/us/en/images/products/koppla-way-adaptor-plug-white__0148843_PE307137_S4.JPG,3.49,Living room,70085345
http://www.ikea.com/us/en/catalog/products/60065201/,KOPPLA,"Extension cord, ungrounded white",http://www.ikea.com/us/en/images/products/koppla-extension-cord-white__0276117_PE414337_S4.JPG,2.49,Living room,60065201
http://www.ikea.com/us/en/catalog/products/30247533/,KORKEN,"Rubber gasket, white",http://www.ikea.com/us/en/images/products/korken-rubber-gasket-white__0327493_PE518858_S4.JPG,1.49,Small storage,30247533
http://www.ikea.com/us/en/catalog/products/10285535/,KORNIG,"Scented block candle, set of 3, Rose garden, white",http://www.ikea.com/us/en/images/products/kornig-scented-block-candle-set-of-white__0375450_PE556762_S4.JPG,7.99,Decoration,10285535
http://www.ikea.com/us/en/catalog/products/10296732/,KORNIG,"Scented block candle, set of 3, summer romance, wine",http://www.ikea.com/us/en/images/products/kornig-scented-block-candle-set-of-red__0397971_PE564121_S4.JPG,5.99,Decoration,10296732
http://www.ikea.com/us/en/catalog/products/70296734/,KORNIG,"Scented block candle, set of 3, apple blossom, pink",http://www.ikea.com/us/en/images/products/kornig-scented-block-candle-set-of-pink__0397961_PE564122_S4.JPG,5.99,Decoration,70296734
http://www.ikea.com/us/en/catalog/products/90285536/,KORNIG,"Scented block candle, set of 3, Earthy wood, gray",http://www.ikea.com/us/en/images/products/kornig-scented-block-candle-set-of-gray__0375444_PE556763_S4.JPG,7.99,Decoration,90285536
http://www.ikea.com/us/en/catalog/products/50283431/,KORPÖN,"Portable charcoal grill, black",http://www.ikea.com/us/en/images/products/korpon-portable-charcoal-grill-black__0400646_PE565966_S4.JPG,16.99,Outdoor,50283431
http://www.ikea.com/us/en/catalog/products/50259332/,KORT,"Art card, boutique",http://www.ikea.com/us/en/images/products/kort-art-card__0367642_PE549305_S4.JPG,3.00,Decoration,50259332
http://www.ikea.com/us/en/catalog/products/50259346/,KORT,"Art card, vintage seeds",http://www.ikea.com/us/en/images/products/kort-art-card__0367640_PE549310_S4.JPG,3.00,Decoration,50259346
http://www.ikea.com/us/en/catalog/products/40285633/,KORT,"Art card, lollipop lollipop",http://www.ikea.com/us/en/images/products/kort-art-card__0385412_PE557822_S4.JPG,0.99,Decoration,40285633
http://www.ikea.com/us/en/catalog/products/70254866/,KORTVARIG,"Wall mounted extractor hood, Stainless steel",http://www.ikea.com/us/en/images/products/kortvarig-wall-mounted-extractor-hood__0206213_PE360301_S4.JPG,749.00,Kitchen & appliances,70254866
http://www.ikea.com/us/en/catalog/products/90112654/,KÖTTBULLAR,"Meatballs, frozen",http://www.ikea.com/us/en/images/products/kottbullar-meatballs-frozen__66436_PE179359_S4.JPG,8.99,Food,90112654
http://www.ikea.com/us/en/catalog/products/00109477/,KOTTEBO,"Basket, coconut palm leaf",http://www.ikea.com/us/en/images/products/kottebo-basket__64062_PE172516_S4.JPG,16.99,Living room,00109477
http://www.ikea.com/us/en/catalog/products/70179377/,KRABB,Mirror,http://www.ikea.com/us/en/images/products/krabb-mirror__0107584_PE257255_S4.JPG,14.99,Bedroom,70179377
http://www.ikea.com/us/en/catalog/products/20286638/,KRAGSTA,"Coffee table, white",http://www.ikea.com/us/en/images/products/kragsta-coffee-table-white__0256314_PE400187_S4.JPG,89.00,Living room,20286638
http://www.ikea.com/us/en/catalog/products/20299829/,KRAGSTA,"Nesting tables, set of 2, white",http://www.ikea.com/us/en/images/products/kragsta-nesting-tables-set-of-white__0313796_PE517046_S4.JPG,99.00,Living room,20299829
http://www.ikea.com/us/en/catalog/products/60242812/,KRÅKRIS,"Cushion, white, gray",http://www.ikea.com/us/en/images/products/krakris-cushion-gray__0175026_PE328490_S4.JPG,1.99,Living room,60242812
http://www.ikea.com/us/en/catalog/products/80250434/,KRÅKRIS,"Duvet cover and pillowcase(s), gray/white",http://www.ikea.com/us/en/images/products/krakris-duvet-cover-and-pillowcase-s-assorted-colors__0409545_PE569842_S4.JPG,12.99,Bedroom,80250434
http://www.ikea.com/us/en/catalog/products/70242821/,KRÅKRIS,"Throw, white, gray",http://www.ikea.com/us/en/images/products/krakris-throw-gray__0175029_PE328492_S4.JPG,2.29,Living room,70242821
http://www.ikea.com/us/en/catalog/products/10171119/,KRÅKSKÄR,"Bath faucet with strainer, chrome plated",http://www.ikea.com/us/en/images/products/krakskar-bath-faucet-with-strainer__0404528_PE242333_S4.JPG,49.99,Bathroom,10171119
http://www.ikea.com/us/en/catalog/products/40054538/,KRAMA,"Washcloth, white",http://www.ikea.com/us/en/images/products/krama-washcloth-white__12404_PE090073_S4.JPG,3.99,Children's IKEA,40054538
http://www.ikea.com/us/en/catalog/products/90221318/,KRAMIG,"Soft toy, white, black",http://www.ikea.com/us/en/images/products/kramig-soft-toy-black__0162448_PE317642_S4.JPG,4.99,Children's IKEA,90221318
http://www.ikea.com/us/en/catalog/products/60312999/,KRAVATT,"Wall clock, black",http://www.ikea.com/us/en/images/products/kravatt-wall-clock-black__0398684_PE563667_S4.JPG,9.99,Decoration,60312999
http://www.ikea.com/us/en/catalog/products/50236468/,KREMLA,"Glass, patterned turquoise",http://www.ikea.com/us/en/images/products/kremla-glass-turquoise__0268851_PE406687_S4.JPG,0.99,Eating,50236468
http://www.ikea.com/us/en/catalog/products/20089464/,KRISTALLER,"Chandelier, 3-armed, silver color, glass",http://www.ikea.com/us/en/images/products/kristaller-chandelier-armed__0395497_PE566554_S4.JPG,39.99,Living room,20089464
http://www.ikea.com/us/en/catalog/products/40089397/,KROBY,"Floor/reading lamp, nickel plated, glass",http://www.ikea.com/us/en/images/products/kroby-floor-reading-lamp__51453_PE151111_S4.JPG,29.99,Living room,40089397
http://www.ikea.com/us/en/catalog/products/20089421/,KROBY,"Floor uplight, nickel plated, glass",http://www.ikea.com/us/en/images/products/kroby-floor-uplight__51452_PE151110_S4.JPG,24.99,Living room,20089421
http://www.ikea.com/us/en/catalog/products/70089414/,KROBY,"Pendant lamp-double, nickel plated, glass",http://www.ikea.com/us/en/images/products/kroby-pendant-lamp-double__51455_PE151113_S4.JPG,39.99,Living room,70089414
http://www.ikea.com/us/en/catalog/products/90089408/,KROBY,"Pendant lamp, nickel plated, glass",http://www.ikea.com/us/en/images/products/kroby-pendant-lamp__51454_PE151112_S4.JPG,24.99,Living room,90089408
http://www.ikea.com/us/en/catalog/products/20174508/,KROKIG,"Clothes stand, white, multicolor",http://www.ikea.com/us/en/images/products/krokig-clothes-stand-assorted-colors__0151933_PE312814_S4.JPG,24.99,Children's IKEA,20174508
http://www.ikea.com/us/en/catalog/products/40193332/,KROKIG,"Wall hook, multicolor",http://www.ikea.com/us/en/images/products/krokig-wall-hook-assorted-colors__0151935_PE312815_S4.JPG,3.99,Children's IKEA,40193332
http://www.ikea.com/us/en/catalog/products/20223518/,KROKIG,"Wall storage with hooks, green",http://www.ikea.com/us/en/images/products/krokig-wall-storage-with-hooks-green__0179491_PE331774_S4.JPG,4.99,Children's IKEA,20223518
http://www.ikea.com/us/en/catalog/products/80296955/,KRONILL,"Pleating tape, white",http://www.ikea.com/us/en/images/products/kronill-pleating-tape-white__0285199_PE422271_S4.JPG,3.99,Living room,80296955
http://www.ikea.com/us/en/catalog/products/00259914/,KRUSNING,"Pendant lamp shade, white",http://www.ikea.com/us/en/images/products/krusning-pendant-lamp-shade-white__0316148_PE516616_S4.JPG,9.99,Living room,00259914
http://www.ikea.com/us/en/catalog/products/50259921/,KRUSNING,"Pendant lamp shade, white",http://www.ikea.com/us/en/images/products/krusning-pendant-lamp-shade-white__0316144_PE516617_S4.JPG,19.99,Living room,50259921
http://www.ikea.com/us/en/catalog/products/80231290/,KRYDDIG,"Spice mill, white",http://www.ikea.com/us/en/images/products/kryddig-spice-mill-white__0146526_PE305469_S4.JPG,14.99,Small storage,80231290
http://www.ikea.com/us/en/catalog/products/70308162/,KRYDDNEJLIKA,"Gardening gloves, turquoise",http://www.ikea.com/us/en/images/products/kryddnejlika-gardening-gloves-turquoise__0330818_PE523049_S4.JPG,1.99,Outdoor,70308162
http://www.ikea.com/us/en/catalog/products/30308164/,KRYDDNEJLIKA,"Gardening gloves, red",http://www.ikea.com/us/en/images/products/kryddnejlika-gardening-gloves-red__0330819_PE523050_S4.JPG,1.99,Outdoor,30308164
http://www.ikea.com/us/en/catalog/products/10289576/,KUBBIS,"Rack with 7 hooks, white",http://www.ikea.com/us/en/images/products/kubbis-rack-with-hooks-white__0313139_PE516356_S4.JPG,12.99,Bedroom,10289576
http://www.ikea.com/us/en/catalog/products/30312873/,KUBBLA,"Wall clock, gray",http://www.ikea.com/us/en/images/products/kubbla-wall-clock-gray__0398671_PE563672_S4.JPG,5.99,Decoration,30312873
http://www.ikea.com/us/en/catalog/products/10231236/,KULLADAL,"Cushion cover, multicolor",http://www.ikea.com/us/en/images/products/kulladal-cushion-cover-assorted-colors__0241402_PE381363_S4.JPG,14.00,Living room,10231236
http://www.ikea.com/us/en/catalog/products/60322130/,KULLEN,"2-drawer chest, black-brown",http://www.ikea.com/us/en/images/products/kullen-drawer-chest__0393306_PE562517_S4.JPG,29.99,Bedroom,60322130
http://www.ikea.com/us/en/catalog/products/80322134/,KULLEN,"3-drawer chest, black-brown",http://www.ikea.com/us/en/images/products/kullen-drawer-chest__0393310_PE562519_S4.JPG,39.99,Bedroom,80322134
http://www.ikea.com/us/en/catalog/products/90322138/,KULLEN,"5-drawer chest, black-brown",http://www.ikea.com/us/en/images/products/kullen-drawer-chest__0393314_PE562523_S4.JPG,59.99,Bedroom,90322138
http://www.ikea.com/us/en/catalog/products/40322126/,KULLEN,"6-drawer dresser, black-brown",http://www.ikea.com/us/en/images/products/kullen-drawer-dresser__0393318_PE562525_S4.JPG,99.99,Bedroom,40322126
http://www.ikea.com/us/en/catalog/products/00317179/,KULÖRT,"Decoration, crushed glass, black",http://www.ikea.com/us/en/images/products/kulort-decoration-crushed-glass-black__0419230_PE576152_S4.JPG,1.99,Decoration,00317179
http://www.ikea.com/us/en/catalog/products/40317177/,KULÖRT,"Decoration, crushed glass, white",http://www.ikea.com/us/en/images/products/kulort-decoration-crushed-glass-white__0419236_PE576155_S4.JPG,1.99,Decoration,40317177
http://www.ikea.com/us/en/catalog/products/60236095/,KULÖRT,"Decoration, sand/stones, black/white, gray",http://www.ikea.com/us/en/images/products/kulort-decoration-sand-stones-gray__0192414_PE347120_S4.JPG,1.99,Decoration,60236095
http://www.ikea.com/us/en/catalog/products/30285539/,KULÖRT,"Decorative stones, light blue, pink",http://www.ikea.com/us/en/images/products/kulort-decorative-stones-pink__0396675_PE562910_S4.JPG,1.99,Decoration,30285539
http://www.ikea.com/us/en/catalog/products/S69025574/,KUNGSHOLMEN / HÅLLÖ,"4-seat conversation set, outdoor, black-brown, beige",http://www.ikea.com/us/en/images/products/kungsholmen-hallo-seat-conversation-set-outdoor-beige__0309049_PE516112_S4.JPG,630.00,Outdoor,69025574
http://www.ikea.com/us/en/catalog/products/S59020416/,KUNGSHOLMEN / HÅLLÖ,"4-seat sofa with footstool, outdoor, black-brown, beige",http://www.ikea.com/us/en/images/products/kungsholmen-hallo-seat-sofa-with-footstool-outdoor-beige__0275741_PE413944_S4.JPG,655.00,Outdoor,59020416
http://www.ikea.com/us/en/catalog/products/S49028724/,KUNGSHOLMEN / HÅLLÖ,"5-seat sectional, outdoor, black-brown, beige",http://www.ikea.com/us/en/images/products/kungsholmen-hallo-seat-sectional-outdoor-beige__0259572_PE403240_S4.JPG,685.00,Outdoor,49028724
http://www.ikea.com/us/en/catalog/products/S39028729/,KUNGSHOLMEN / HÅLLÖ,"6-seat sectional + stool, outdoor, black-brown, beige",http://www.ikea.com/us/en/images/products/kungsholmen-hallo-seat-sectional-stool-outdoor-beige__0257344_PE401353_S4.JPG,910.00,Outdoor,39028729
http://www.ikea.com/us/en/catalog/products/S89048032/,KUNGSHOLMEN / HÅLLÖ,"Chair, outdoor, black-brown, beige",http://www.ikea.com/us/en/images/products/kungsholmen-hallo-chair-outdoor-beige__0308974_PE516111_S4.JPG,130.00,Outdoor,89048032
http://www.ikea.com/us/en/catalog/products/S29020371/,KUNGSHOLMEN / HÅLLÖ,"Sofa with table, outdoor, black-brown, beige",http://www.ikea.com/us/en/images/products/kungsholmen-hallo-sofa-with-table-outdoor-beige__0257340_PE401413_S4.JPG,370.00,Outdoor,29020371
http://www.ikea.com/us/en/catalog/products/S19020343/,KUNGSHOLMEN / KUNGSÖ,"4-seat sofa, outdoor, black-brown",http://www.ikea.com/us/en/images/products/kungsholmen-kungso-seat-sofa-outdoor__0309226_PE515146_S4.JPG,665.00,Outdoor,19020343
http://www.ikea.com/us/en/catalog/products/S59097175/,KUNGSHOLMEN / KUNGSÖ,"Loveseat, outdoor, black-brown",http://www.ikea.com/us/en/images/products/kungsholmen-kungso-loveseat-outdoor__0311364_PE513915_S4.JPG,345.00,Outdoor,59097175
http://www.ikea.com/us/en/catalog/products/00312902/,KUNGSLILJA,"Curtains with tie-backs, 1 pair, gray/white",http://www.ikea.com/us/en/images/products/kungslilja-curtains-with-tie-backs-pair-assorted-colors__0395586_PE563012_S4.JPG,49.99,Living room,00312902
http://www.ikea.com/us/en/catalog/products/90312506/,KUNGSLILJA,"Fabric, white/dark gray",http://www.ikea.com/us/en/images/products/kungslilja-fabric-assorted-colors__0393427_PE562970_S4.JPG,7.99,Living room,90312506
http://www.ikea.com/us/en/catalog/products/90255558/,KUNGSMYNTA,Mattress protector,http://www.ikea.com/us/en/images/products/kungsmynta-mattress-protector-white__0301113_PE407261_S4.JPG,36.99,Bedroom,90255558
http://www.ikea.com/us/en/catalog/products/90255582/,KUNGSMYNTA,Pillow protector,http://www.ikea.com/us/en/images/products/kungsmynta-pillow-protector-white__0310688_PE407160_S4.JPG,12.99,Bedroom,90255582
http://www.ikea.com/us/en/catalog/products/40285303/,KUNGSÖ,"Back cushion, outdoor, white",http://www.ikea.com/us/en/images/products/kungso-back-cushion-outdoor-white__0313082_PE513891_S4.JPG,25.00,Outdoor,40285303
http://www.ikea.com/us/en/catalog/products/30285313/,KUNGSÖ,"Chaise pad, white",http://www.ikea.com/us/en/images/products/kungso-chaise-pad-white__0313805_PE513878_S4.JPG,59.00,Outdoor,30285313
http://www.ikea.com/us/en/catalog/products/70285311/,KUNGSÖ,"Seat pad, outdoor, white",http://www.ikea.com/us/en/images/products/kungso-seat-pad-outdoor-white__0313466_PE513883_S4.JPG,35.00,Outdoor,70285311
http://www.ikea.com/us/en/catalog/products/S99905377/,KUPOL,"Pull-out storage, white",http://www.ikea.com/us/en/images/products/kupol-pull-out-storage-white__0151720_PE309804_S4.JPG,43.96,Living room,99905377
http://www.ikea.com/us/en/catalog/products/60198041/,KUPOL,"Pull-out storage unit, white",http://www.ikea.com/us/en/images/products/kupol-pull-out-storage-unit-white__0137939_PE296757_S4.JPG,6.99,Living room,60198041
http://www.ikea.com/us/en/catalog/products/80198040/,KUPOL,"Pull-out storage unit, white",http://www.ikea.com/us/en/images/products/kupol-pull-out-storage-unit-white__0145179_PE304585_S4.JPG,21.99,Living room,80198040
http://www.ikea.com/us/en/catalog/products/80253814/,KURA,"Reversible bed, white, pine",http://www.ikea.com/us/en/images/products/kura-reversible-bed-white__0179751_PE331953_S4.JPG,209.00,Children's IKEA,80253814
http://www.ikea.com/us/en/catalog/products/70306931/,KUSINER,"Box with compartments, white/green",http://www.ikea.com/us/en/images/products/kusiner-box-with-compartments-assorted-colors__0114880_PE267838_S4.JPG,5.99,Children's IKEA,70306931
http://www.ikea.com/us/en/catalog/products/50306932/,KUSINER,"Box with lid, white/green, turquoise",http://www.ikea.com/us/en/images/products/kusiner-box-with-lid-assorted-colors__0113294_PE265365_S4.JPG,19.99,Children's IKEA,50306932
http://www.ikea.com/us/en/catalog/products/00258467/,KUSTRUTA,"Duvet cover and pillowcase(s), blue check",http://www.ikea.com/us/en/images/products/kustruta-duvet-cover-and-pillowcase-s-blue__0409516_PE569813_S4.JPG,49.99,Bedroom,00258467
http://www.ikea.com/us/en/catalog/products/70279923/,KVACK,"Soft toy, frog/prince",http://www.ikea.com/us/en/images/products/kvack-soft-toy__0399664_PE404950_S4.JPG,9.99,Children's IKEA,70279923
http://www.ikea.com/us/en/catalog/products/90242194/,KVARNÅ,"Table lamp, glass",http://www.ikea.com/us/en/images/products/kvarna-table-lamp__0326329_PE518242_S4.JPG,8.99,Living room,90242194
http://www.ikea.com/us/en/catalog/products/70207808/,KVARTÄR,Pendant lamp,http://www.ikea.com/us/en/images/products/kvartar-pendant-lamp__0246061_PE385226_S4.JPG,19.99,Living room,70207808
http://www.ikea.com/us/en/catalog/products/10226027/,KVART,"Floor lamp with 3-spotlights, black",http://www.ikea.com/us/en/images/products/kvart-floor-lamp-with-spotlights-black__0149978_PE308134_S4.JPG,49.99,Living room,10226027
http://www.ikea.com/us/en/catalog/products/50252104/,KVÄVE,"Table lamp, ceramic, white",http://www.ikea.com/us/en/images/products/kvave-table-lamp-white__0343164_PE530280_S4.JPG,24.99,Living room,50252104
http://www.ikea.com/us/en/catalog/products/90254002/,KVÄVE,"Table lamp, ceramic, black",http://www.ikea.com/us/en/images/products/kvave-table-lamp-black__0343165_PE530279_S4.JPG,24.99,Living room,90254002
http://www.ikea.com/us/en/catalog/products/80222281/,KVIKNE,"Wardrobe with 2 sliding doors, white",http://www.ikea.com/us/en/images/products/kvikne-wardrobe-with-sliding-doors-white__0261027_PE405340_S4.JPG,159.00,Bedroom,80222281
http://www.ikea.com/us/en/catalog/products/00185683/,KVILL,"Frame, white",http://www.ikea.com/us/en/images/products/kvill-frame-white__0114861_PE267810_S4.JPG,4.99,Decoration,00185683
http://www.ikea.com/us/en/catalog/products/20185682/,KVILL,"Frame, white",http://www.ikea.com/us/en/images/products/kvill-frame-white__0114860_PE267809_S4.JPG,4.99,Decoration,20185682
http://www.ikea.com/us/en/catalog/products/90279842/,KVITTERA,"Serving platter, 3 tiers, clear glass, stainless steel",http://www.ikea.com/us/en/images/products/kvittera-serving-platter-tiers__67186_PE180762_S4.JPG,14.99,Eating,90279842
http://www.ikea.com/us/en/catalog/products/00272675/,KVITTRA,"Box with lid, multicolor",http://www.ikea.com/us/en/images/products/kvittra-box-with-lid-assorted-colors__0321532_PE515984_S4.JPG,3.99,Living room,00272675
http://www.ikea.com/us/en/catalog/products/20272679/,KVITTRA,"Box with lid, multicolor",http://www.ikea.com/us/en/images/products/kvittra-box-with-lid-assorted-colors__0321539_PE515979_S4.JPG,7.99,Living room,20272679
http://www.ikea.com/us/en/catalog/products/60272677/,KVITTRA,"Box with lid, multicolor",http://www.ikea.com/us/en/images/products/kvittra-box-with-lid-assorted-colors__0321535_PE515982_S4.JPG,5.99,Living room,60272677
http://www.ikea.com/us/en/catalog/products/36980400/,KVOT,"Dish drainer, galvanized",http://www.ikea.com/us/en/images/products/kvot-dish-drainer__0429452_PE584021_S4.JPG,8.99,Cooking,36980400
http://www.ikea.com/us/en/catalog/products/50148607/,KYLKLAMP,"Ice pack, green",http://www.ikea.com/us/en/images/products/kylklamp-ice-pack-green__0091625_PE227354_S4.JPG,0.99,Food,50148607
http://www.ikea.com/us/en/catalog/products/90148605/,KYLVÄSKA,"Cooler bag, green",http://www.ikea.com/us/en/images/products/kylvaska-cooler-bag-green__0446764_PE596818_S4.JPG,5.99,Food,90148605
http://www.ikea.com/us/en/catalog/products/70264375/,KYLVÄSKA TÅRTA,Cool bag for cakes,http://www.ikea.com/us/en/images/products/kylvaska-tarta-cool-bag-for-cakes__0206432_PE360425_S4.JPG,2.99,Food,70264375
