http://www.ikea.com/us/en/catalog/products/76485605/,MAGASIN,Rolling pin,http://www.ikea.com/us/en/images/products/magasin-rolling-pin__55286_PE160370_S4.JPG,5.99,Cooking,76485605
http://www.ikea.com/us/en/catalog/products/70292057/,MAGLEHULT,"LED cabinet/picture light, aluminum color",http://www.ikea.com/us/en/images/products/maglehult-led-cabinet-picture-light-gray__0364131_PE548826_S4.JPG,14.99,Living room,70292057
http://www.ikea.com/us/en/catalog/products/20312369/,MAGLEHULT,"LED cabinet/picture light, black",http://www.ikea.com/us/en/images/products/maglehult-led-cabinet-picture-light-black__0377214_PE554303_S4.JPG,14.99,Living room,20312369
http://www.ikea.com/us/en/catalog/products/30232225/,MAGNARP,"Floor lamp, natural",http://www.ikea.com/us/en/images/products/magnarp-floor-lamp-beige__0176531_PE329335_S4.JPG,24.99,Living room,30232225
http://www.ikea.com/us/en/catalog/products/50242247/,MAGNARP,"Table lamp, natural",http://www.ikea.com/us/en/images/products/magnarp-table-lamp-beige__0176540_PE329356_S4.JPG,12.99,Living room,50242247
http://www.ikea.com/us/en/catalog/products/70308416/,MAJJE,"Throw, green/blue",http://www.ikea.com/us/en/images/products/majje-throw-assorted-colors__0374196_PE553001_S4.JPG,12.99,Living room,70308416
http://www.ikea.com/us/en/catalog/products/20307848/,MAJVOR,"Chair pad, green",http://www.ikea.com/us/en/images/products/majvor-chair-pad-green__0099602_PE241764_S4.JPG,6.99,Textiles & Rugs,20307848
http://www.ikea.com/us/en/catalog/products/10311105/,MÅLA,Chalk,http://www.ikea.com/us/en/images/products/mala-chalk__0378243_PE554465_S4.JPG,0.99,Children's IKEA,10311105
http://www.ikea.com/us/en/catalog/products/10262157/,MÅLA,Colored pencil,http://www.ikea.com/us/en/images/products/mala-colored-pencil__0191633_PE345497_S4.JPG,3.99,Children's IKEA,10262157
http://www.ikea.com/us/en/catalog/products/10266179/,MÅLA,"Felt-tip pen, assorted sizes",http://www.ikea.com/us/en/images/products/mala-felt-tip-pen__0217117_PE373189_S4.JPG,3.99,Children's IKEA,10266179
http://www.ikea.com/us/en/catalog/products/70266299/,MÅLA,"Fluorescent/glitter paint, assorted colors",http://www.ikea.com/us/en/images/products/mala-fluorescent-glitter-paint-assorted-colors__0237551_PE376869_S4.JPG,9.99,Children's IKEA,70266299
http://www.ikea.com/us/en/catalog/products/70266176/,MÅLA,"Gel ink pen, assorted colors",http://www.ikea.com/us/en/images/products/mala-gel-ink-pen-assorted-colors__0209872_PE363316_S4.JPG,3.99,Children's IKEA,70266176
http://www.ikea.com/us/en/catalog/products/10193319/,MÅLA,"Paintbrush, set of 6",http://www.ikea.com/us/en/images/products/mala-paintbrush-set-of-__0184901_PE336805_S4.JPG,1.49,Children's IKEA,10193319
http://www.ikea.com/us/en/catalog/products/20193489/,MÅLA,"Paper decoration set, assorted colors, assorted designs",http://www.ikea.com/us/en/images/products/mala-paper-decoration-set-assorted-colors__0381537_PE556477_S4.JPG,6.99,Children's IKEA,20193489
http://www.ikea.com/us/en/catalog/products/40252661/,MÄLARÖ,"Chair, outdoor, red foldable red",http://www.ikea.com/us/en/images/products/malaro-chair-outdoor-red__0186191_PE338228_S4.JPG,30.00,Outdoor,40252661
http://www.ikea.com/us/en/catalog/products/50252665/,MÄLARÖ,"Table, outdoor, red",http://www.ikea.com/us/en/images/products/malaro-table-outdoor-red__0190933_PE344454_S4.JPG,59.99,Outdoor,50252665
http://www.ikea.com/us/en/catalog/products/S39035895/,MÄLARÖ,"Table+2 chairs, outdoor, red",http://www.ikea.com/us/en/images/products/malaro-table-chairs-outdoor-red__0283319_PE420685_S4.JPG,119.99,Outdoor,39035895
http://www.ikea.com/us/en/catalog/products/70307841/,MALINDA,"Chair cushion, red",http://www.ikea.com/us/en/images/products/malinda-chair-cushion-red__0143190_PE302772_S4.JPG,4.49,Textiles & Rugs,70307841
http://www.ikea.com/us/en/catalog/products/70308100/,MALINDA,"Chair cushion, white",http://www.ikea.com/us/en/images/products/malinda-chair-cushion-white__0369275_PE551034_S4.JPG,4.49,Textiles & Rugs,70308100
http://www.ikea.com/us/en/catalog/products/80224906/,MALIN RUND,"Duvet cover and pillowcase(s), multicolor",http://www.ikea.com/us/en/images/products/malin-rund-duvet-cover-and-pillowcase-s-assorted-colors__0409518_PE569815_S4.JPG,19.99,Bedroom,80224906
http://www.ikea.com/us/en/catalog/products/40196806/,MALKOLM,"Swivel chair, black Bomstad Bomstad black         79.99",http://www.ikea.com/us/en/images/products/malkolm-swivel-chair-black__0380442_PE555834_S4.JPG,64.99,Office furniture,40196806
http://www.ikea.com/us/en/catalog/products/20232829/,MALMA,"Mirror, white",http://www.ikea.com/us/en/images/products/malma-mirror-white__0143703_PE303220_S4.JPG,1.99,Bedroom,20232829
http://www.ikea.com/us/en/catalog/products/S89157064/,MALM,"Bed frame, high, brown stained ash veneer, Lönset",http://www.ikea.com/us/en/images/products/malm-bed-frame-high__0415607_PE578085_S4.JPG,199.00,Bedroom,89157064
http://www.ikea.com/us/en/catalog/products/S09157039/,MALM,"Bed frame, high, brown stained ash veneer",http://www.ikea.com/us/en/images/products/malm-bed-frame-high__0416873_PE578092_S4.JPG,249.00,Bedroom,09157039
http://www.ikea.com/us/en/catalog/products/20325159/,MALM,"Bed frame, high, brown stained ash veneer",http://www.ikea.com/us/en/images/products/malm-bed-frame-high__0415607_PE578085_S4.JPG,149.00,Bedroom,20325159
http://www.ikea.com/us/en/catalog/products/10249496/,MALM,"Bed frame, high, black-brown",http://www.ikea.com/us/en/images/products/malm-bed-frame-high-brown__0241869_PE381590_S4.JPG,149.00,Bedroom,10249496
http://www.ikea.com/us/en/catalog/products/40249490/,MALM,"Bed frame, high, white",http://www.ikea.com/us/en/images/products/malm-bed-frame-high-white__0241871_PE381592_S4.JPG,149.00,Bedroom,40249490
http://www.ikea.com/us/en/catalog/products/00299608/,MALM – FIND IT! PART 1.,Book,http://www.ikea.com/us/en/images/products/malm-find-it-part-book__0334166_PE523558_S4.JPG,9.99,IKEA FAMILY products,00299608
http://www.ikea.com/us/en/catalog/products/S09157096/,MALM,"High bed frame/2 storage boxes, brown stained ash veneer, Lönset",http://www.ikea.com/us/en/images/products/malm-high-bed-frame-storage-boxes__0415612_PE578090_S4.JPG,284.00,Bedroom,09157096
http://www.ikea.com/us/en/catalog/products/S19157190/,MALM,"High bed frame/2 storage boxes, brown stained ash veneer, Lönset",http://www.ikea.com/us/en/images/products/malm-high-bed-frame-storage-boxes__0416866_PE577783_S4.JPG,354.00,Bedroom,19157190
http://www.ikea.com/us/en/catalog/products/S59157107/,MALM,"High bed frame/4 storage boxes, brown stained ash veneer, Lönset",http://www.ikea.com/us/en/images/products/malm-high-bed-frame-storage-boxes__0416866_PE577783_S4.JPG,439.00,Bedroom,59157107
http://www.ikea.com/us/en/catalog/products/40305933/,MALMSJÖN,"Kitchen faucet, brushed black metal",http://www.ikea.com/us/en/images/products/malmsjon-kitchen-faucet__0374032_PE555043_S4.JPG,99.99,Kitchen & appliances,40305933
http://www.ikea.com/us/en/catalog/products/30305938/,MALMSJÖN,"Kitchen faucet, stainless steel color",http://www.ikea.com/us/en/images/products/malmsjon-kitchen-faucet-gray__0374093_PE555042_S4.JPG,99.99,Kitchen & appliances,30305938
http://www.ikea.com/us/en/catalog/products/60261184/,MALMSTA,"Coffee table, black-brown",http://www.ikea.com/us/en/images/products/malmsta-coffee-table-brown__0246298_PE385395_S4.JPG,179.00,Living room,60261184
http://www.ikea.com/us/en/catalog/products/80261183/,MALMSTA,"Side table, black-brown",http://www.ikea.com/us/en/images/products/malmsta-side-table-brown__0246295_PE385394_S4.JPG,119.00,Living room,80261183
http://www.ikea.com/us/en/catalog/products/20083589/,MALOU,"Duvet cover and pillowsham(s), light brown",http://www.ikea.com/us/en/images/products/malou-duvet-cover-and-pillowsham-s-brown__0409521_PE569818_S4.JPG,49.99,Bedroom,20083589
http://www.ikea.com/us/en/catalog/products/60303481/,MALSJÖ,"Glass-door cabinet, black stained",http://www.ikea.com/us/en/images/products/malsjo-glass-door-cabinet__0383559_PE558042_S4.JPG,379.00,Dining,60303481
http://www.ikea.com/us/en/catalog/products/30303487/,MALSJÖ,"Glass-door cabinet, black stained",http://www.ikea.com/us/en/images/products/malsjo-glass-door-cabinet__0383562_PE558041_S4.JPG,329.00,Dining,30303487
http://www.ikea.com/us/en/catalog/products/50319166/,MANTEBO,"Picture, Taxi in New York",http://www.ikea.com/us/en/images/products/mantebo-picture__0441682_PE593513_S4.JPG,49.99,Decoration,50319166
http://www.ikea.com/us/en/catalog/products/60269929/,MÅNVIVA,Memory foam pillow,http://www.ikea.com/us/en/images/products/manviva-memory-foam-pillow__0334635_PE523491_S4.JPG,39.99,Bedroom,60269929
http://www.ikea.com/us/en/catalog/products/00232302/,MARIAM,"Curtains, 1 pair, dark lilac",http://www.ikea.com/us/en/images/products/mariam-curtains-pair-lilac__0191149_PE345206_S4.JPG,19.99,Living room,00232302
http://www.ikea.com/us/en/catalog/products/20232301/,MARIAM,"Curtains, 1 pair, green",http://www.ikea.com/us/en/images/products/mariam-curtains-pair-green__0191148_PE345205_S4.JPG,19.99,Living room,20232301
http://www.ikea.com/us/en/catalog/products/40232300/,MARIAM,"Curtains, 1 pair, orange",http://www.ikea.com/us/en/images/products/mariam-curtains-pair-orange__0191147_PE345204_S4.JPG,19.99,Living room,40232300
http://www.ikea.com/us/en/catalog/products/70080239/,MARIEBERG,"Chair cushion, Laila natural",http://www.ikea.com/us/en/images/products/marieberg-chair-cushion-beige__42704_PE130349_S4.JPG,14.99,Textiles & Rugs,70080239
http://www.ikea.com/us/en/catalog/products/10291763/,MARIETORP,"Picture ledge, black",http://www.ikea.com/us/en/images/products/marietorp-picture-ledge-black__0368493_PE557523_S4.JPG,5.99,Decoration,10291763
http://www.ikea.com/us/en/catalog/products/20246181/,MÄRIT,"Place mat, beige",http://www.ikea.com/us/en/images/products/marit-place-mat-beige__0092818_PE229542_S4.JPG,1.49,Textiles & Rugs,20246181
http://www.ikea.com/us/en/catalog/products/80246183/,MÄRIT,"Place mat, black",http://www.ikea.com/us/en/images/products/marit-place-mat-black__70824_PE186071_S4.JPG,1.49,Textiles & Rugs,80246183
http://www.ikea.com/us/en/catalog/products/10246191/,MÄRIT,"Table-runner, black",http://www.ikea.com/us/en/images/products/marit-table-runner-black__70829_PE186076_S4.JPG,6.99,Textiles & Rugs,10246191
http://www.ikea.com/us/en/catalog/products/50246189/,MÄRIT,"Table-runner, beige",http://www.ikea.com/us/en/images/products/marit-table-runner-beige__0092821_PE229545_S4.JPG,6.99,Textiles & Rugs,50246189
http://www.ikea.com/us/en/catalog/products/70246193/,MÄRIT,"Table-runner, natural",http://www.ikea.com/us/en/images/products/marit-table-runner-beige__70831_PE186078_S4.JPG,6.99,Textiles & Rugs,70246193
http://www.ikea.com/us/en/catalog/products/60236104/,MÄRIT,"Table-runner, red",http://www.ikea.com/us/en/images/products/marit-table-runner-red__0209130_PE362751_S4.JPG,6.99,Textiles & Rugs,60236104
http://www.ikea.com/us/en/catalog/products/30258852/,MÄRIT,"Table-runner, orange",http://www.ikea.com/us/en/images/products/marit-table-runner-orange__0270485_PE408490_S4.JPG,6.99,Textiles & Rugs,30258852
http://www.ikea.com/us/en/catalog/products/50258851/,MÄRIT,"Table-runner, turquoise",http://www.ikea.com/us/en/images/products/marit-table-runner-turquoise__0270488_PE408489_S4.JPG,6.99,Textiles & Rugs,50258851
http://www.ikea.com/us/en/catalog/products/70258850/,MÄRIT,"Table-runner, lilac",http://www.ikea.com/us/en/images/products/marit-table-runner-lilac__0270489_PE408488_S4.JPG,6.99,Textiles & Rugs,70258850
http://www.ikea.com/us/en/catalog/products/90258849/,MÄRIT,"Table-runner, green",http://www.ikea.com/us/en/images/products/marit-table-runner-green__0270484_PE408487_S4.JPG,6.99,Textiles & Rugs,90258849
http://www.ikea.com/us/en/catalog/products/00246196/,MARIUS,"Stool, red",http://www.ikea.com/us/en/images/products/marius-stool-red__0243014_PE382257_S4.JPG,4.99,Dining,00246196
http://www.ikea.com/us/en/catalog/products/10135659/,MARIUS,"Stool, black",http://www.ikea.com/us/en/images/products/marius-stool-black__0084459_PE211162_S4.JPG,4.99,Dining,10135659
http://www.ikea.com/us/en/catalog/products/90184047/,MARIUS,"Stool, white",http://www.ikea.com/us/en/images/products/marius-stool-white__0105185_PE252344_S4.JPG,4.99,Dining,90184047
http://www.ikea.com/us/en/catalog/products/70298422/,MARJUN,"Block-out curtains, 1 pair, gray         59.99",http://www.ikea.com/us/en/images/products/marjun-block-out-curtains-pair-gray__0191162_PE345209_S4.JPG,49.99,Living room,70298422
http://www.ikea.com/us/en/catalog/products/00321082/,MARJUN,"Block-out curtains, 1 pair, brown",http://www.ikea.com/us/en/images/products/marjun-block-out-curtains-pair-brown__0386697_PE558984_S4.JPG,49.99,Living room,00321082
http://www.ikea.com/us/en/catalog/products/20233391/,MÄRKLIG,"Plant pot, black, dark lilac",http://www.ikea.com/us/en/images/products/marklig-plant-pot-black__0239489_PE379085_S4.JPG,6.99,Decoration,20233391
http://www.ikea.com/us/en/catalog/products/20286582/,MARKNAD,"Place mat, black",http://www.ikea.com/us/en/images/products/marknad-place-mat-black__0373667_PE553016_S4.JPG,1.99,Textiles & Rugs,20286582
http://www.ikea.com/us/en/catalog/products/00286583/,MARKNAD,"Place mat, beige",http://www.ikea.com/us/en/images/products/marknad-place-mat-beige__0373666_PE553017_S4.JPG,1.99,Textiles & Rugs,00286583
http://www.ikea.com/us/en/catalog/products/60286580/,MARKNAD,"Place mat, white",http://www.ikea.com/us/en/images/products/marknad-place-mat-white__0373672_PE553015_S4.JPG,1.99,Textiles & Rugs,60286580
http://www.ikea.com/us/en/catalog/products/10286573/,MARKNAD,"Table-runner, beige",http://www.ikea.com/us/en/images/products/marknad-table-runner-beige__0373674_PE553014_S4.JPG,8.99,Textiles & Rugs,10286573
http://www.ikea.com/us/en/catalog/products/00286578/,MARKNAD,"Table-runner, black",http://www.ikea.com/us/en/images/products/marknad-table-runner-black__0373675_PE553013_S4.JPG,8.99,Textiles & Rugs,00286578
http://www.ikea.com/us/en/catalog/products/40286576/,MARKNAD,"Table-runner, white",http://www.ikea.com/us/en/images/products/marknad-table-runner-white__0373676_PE553012_S4.JPG,8.99,Textiles & Rugs,40286576
http://www.ikea.com/us/en/catalog/products/60309732/,MARKUS,"Swivel chair, Vissle beige",http://www.ikea.com/us/en/images/products/markus-swivel-chair-beige__0369750_PE551379_S4.JPG,179.00,Office furniture,60309732
http://www.ikea.com/us/en/catalog/products/30295920/,MARMELAD APELSIN & FLÄDER,Orange- and elderflower marmalade,http://www.ikea.com/us/en/images/products/marmelad-apelsin-flader-orange-and-elderflower-marmalade__0446737_PE596795_S4.JPG,3.99,Food,30295920
http://www.ikea.com/us/en/catalog/products/40290804/,MARSLEV,"Rug, high pile, pink, beige",http://www.ikea.com/us/en/images/products/marslev-rug-high-pile-pink__0360067_PE546577_S4.JPG,249.00,Living room,40290804
http://www.ikea.com/us/en/catalog/products/60290803/,MARSLEV,"Rug, high pile, turquoise, beige",http://www.ikea.com/us/en/images/products/marslev-rug-high-pile-beige__0360071_PE546575_S4.JPG,249.00,Living room,60290803
http://www.ikea.com/us/en/catalog/products/90291764/,MARSLEV,"Rug, high pile, turquoise, beige",http://www.ikea.com/us/en/images/products/marslev-rug-high-pile-beige__0448610_PE598271_S4.JPG,49.99,Living room,90291764
http://www.ikea.com/us/en/catalog/products/S69903643/,MARTIN,"Chair, silver color, black",http://www.ikea.com/us/en/images/products/martin-chair-black__74027_PE190772_S4.JPG,25.00,Dining,69903643
http://www.ikea.com/us/en/catalog/products/30167507/,MARTORP,"30-piece flatware set, stainless steel",http://www.ikea.com/us/en/images/products/martorp-piece-flatware-set__0163152_PE242126_S4.JPG,39.99,Eating,30167507
http://www.ikea.com/us/en/catalog/products/40304467/,MARYD,"Tray table, green",http://www.ikea.com/us/en/images/products/maryd-tray-table-green__0350789_PE535074_S4.JPG,69.99,Living room,40304467
http://www.ikea.com/us/en/catalog/products/70190450/,MASKROS,Pendant lamp,http://www.ikea.com/us/en/images/products/maskros-pendant-lamp__0114725_PE267328_S4.JPG,59.99,Living room,70190450
http://www.ikea.com/us/en/catalog/products/30240150/,MÄSTERBY,"Step stool, gray",http://www.ikea.com/us/en/images/products/masterby-step-stool-gray__0237720_PE376973_S4.JPG,39.99,Dining,30240150
http://www.ikea.com/us/en/catalog/products/40233234/,MÄSTERBY,"Step stool, yellow",http://www.ikea.com/us/en/images/products/masterby-step-stool-yellow__0237722_PE376972_S4.JPG,39.99,Dining,40233234
http://www.ikea.com/us/en/catalog/products/40084861/,MATA,"4-piece dinnerware set, green",http://www.ikea.com/us/en/images/products/mata-piece-dinnerware-set-green__42525_PE136574_S4.JPG,2.99,Children's IKEA,40084861
http://www.ikea.com/us/en/catalog/products/10111984/,MATILDA,"Sheer curtains, 1 pair, white",http://www.ikea.com/us/en/images/products/matilda-sheer-curtains-pair-white__0099832_PE242224_S4.JPG,19.99,Living room,10111984
http://www.ikea.com/us/en/catalog/products/60233412/,MATLUST,"Chopping board, black/white",http://www.ikea.com/us/en/images/products/matlust-chopping-board-assorted-colors__0268849_PE406685_S4.JPG,1.99,Cooking,60233412
http://www.ikea.com/us/en/catalog/products/70233416/,MATLUST,"Chopping board, green/white",http://www.ikea.com/us/en/images/products/matlust-chopping-board-assorted-colors__0268847_PE406683_S4.JPG,4.99,Cooking,70233416
http://www.ikea.com/us/en/catalog/products/80272186/,MATRAND,"Latex mattress, medium firm, white",http://www.ikea.com/us/en/images/products/matrand-latex-mattress-white__0243552_PE382917_S4.JPG,379.00,Bedroom,80272186
http://www.ikea.com/us/en/catalog/products/00272406/,MATRAND,"Memory foam mattress, firm, white",http://www.ikea.com/us/en/images/products/matrand-memory-foam-mattress-white__0243553_PE382916_S4.JPG,299.00,Bedroom,00272406
http://www.ikea.com/us/en/catalog/products/50149843/,MÅTTLIG,"Milk-frothing jug, stainless steel",http://www.ikea.com/us/en/images/products/mattlig-milk-frothing-jug__0097071_PE237274_S4.JPG,6.99,Eating,50149843
http://www.ikea.com/us/en/catalog/products/80321078/,MATTRAM,"Curtains, 1 pair, white, black",http://www.ikea.com/us/en/images/products/mattram-curtains-pair-black__0385266_PE558985_S4.JPG,19.99,Living room,80321078
http://www.ikea.com/us/en/catalog/products/30320953/,MATTRAM,"Cushion, white, black",http://www.ikea.com/us/en/images/products/mattram-cushion-black__0427970_PE583185_S4.JPG,3.99,Living room,30320953
http://www.ikea.com/us/en/catalog/products/00320025/,MATTRAM,"Fabric, orange",http://www.ikea.com/us/en/images/products/mattram-fabric-orange__0409933_PE576251_S4.JPG,4.99,Living room,00320025
http://www.ikea.com/us/en/catalog/products/50238858/,MAXIMERA,"Add-on side for drawer, high, glass",http://www.ikea.com/us/en/images/products/maximera-add-on-side-for-drawer-high__0165266_PE320432_S4.JPG,13.99,Kitchen & appliances,50238858
http://www.ikea.com/us/en/catalog/products/30238859/,MAXIMERA,"Add-on side for drawer, medium, glass",http://www.ikea.com/us/en/images/products/maximera-add-on-side-for-drawer-medium__0165270_PE320431_S4.JPG,11.99,Kitchen & appliances,30238859
http://www.ikea.com/us/en/catalog/products/90278404/,MAXIMERA,"Divider for high drawer, white, clear",http://www.ikea.com/us/en/images/products/maximera-divider-for-high-drawer-white__0267945_PE405602_S4.JPG,23.99,Kitchen & appliances,90278404
http://www.ikea.com/us/en/catalog/products/80278409/,MAXIMERA,"Divider for medium drawer, white, clear",http://www.ikea.com/us/en/images/products/maximera-divider-for-medium-drawer-white__0267960_PE405597_S4.JPG,21.99,Kitchen & appliances,80278409
http://www.ikea.com/us/en/catalog/products/10265684/,MAXIMERA,"Drawer, high, white",http://www.ikea.com/us/en/images/products/maximera-drawer-high-white__0267999_PE405681_S4.JPG,60.00,Kitchen & appliances,10265684
http://www.ikea.com/us/en/catalog/products/90265661/,MAXIMERA,"Drawer, low, white",http://www.ikea.com/us/en/images/products/maximera-drawer-low-white__0268029_PE405672_S4.JPG,49.00,Kitchen & appliances,90265661
http://www.ikea.com/us/en/catalog/products/60265667/,MAXIMERA,"Drawer, medium, white",http://www.ikea.com/us/en/images/products/maximera-drawer-medium-white__0268062_PE405661_S4.JPG,55.00,Kitchen & appliances,60265667
http://www.ikea.com/us/en/catalog/products/90324019/,MEDHÅLL,"Paper napkin, circle black, turquoise",http://www.ikea.com/us/en/images/products/medhall-paper-napkin-black__0395893_PE566220_S4.JPG,1.99,Eating,90324019
http://www.ikea.com/us/en/catalog/products/50315875/,MEISTERVIK,"Foam mattress, firm, white",http://www.ikea.com/us/en/images/products/meistervik-foam-mattress-white__0367198_PE549368_S4.JPG,149.00,Bedroom,50315875
http://www.ikea.com/us/en/catalog/products/10334084/,MEJLBY,"Rug, flatwoven, indoor/outdoor black, beige",http://www.ikea.com/us/en/images/products/mejlby-rug-flatwoven-black__0455320_PE603416_S4.JPG,34.99,Living room,10334084
http://www.ikea.com/us/en/catalog/products/80334085/,MEJLBY,"Rug, flatwoven, indoor/outdoor red, beige",http://www.ikea.com/us/en/images/products/mejlby-rug-flatwoven-red__0456457_PE604099_S4.JPG,34.99,Living room,80334085
http://www.ikea.com/us/en/catalog/products/10323844/,MELLBY,"Chair cover, Skiftebo turquoise",http://www.ikea.com/us/en/images/products/mellby-chair-cover-turquoise__0405492_PE574692_S4.JPG,79.00,Living room,10323844
http://www.ikea.com/us/en/catalog/products/30214410/,MELLBY,"Chair, Grann black",http://www.ikea.com/us/en/images/products/mellby-chair-black__0141999_PE301926_S4.JPG,499.00,Living room,30214410
http://www.ikea.com/us/en/catalog/products/S59150648/,MELLBY,"Chair, Skiftebo turquoise",http://www.ikea.com/us/en/images/products/mellby-chair-turquoise__0405492_PE574692_S4.JPG,279.00,Living room,59150648
http://www.ikea.com/us/en/catalog/products/S49011766/,MELLTORP / ADDE,"Table and 2 chairs, white         80.00",http://www.ikea.com/us/en/images/products/melltorp-adde-table-and-chairs-white__0249728_PE388054_S4.JPG,64.00,Dining,49011766
http://www.ikea.com/us/en/catalog/products/S99011764/,MELLTORP / MARIUS,"Table and 2 stools, white, black         64.98",http://www.ikea.com/us/en/images/products/melltorp-marius-table-and-stools-black__0249730_PE388056_S4.JPG,48.98,Dining,99011764
http://www.ikea.com/us/en/catalog/products/S09010702/,MELLTORP / MARIUS,"Table and 4 stools, white, red",http://www.ikea.com/us/en/images/products/melltorp-marius-table-and-stools-white__0249732_PE388058_S4.JPG,84.96,Dining,09010702
http://www.ikea.com/us/en/catalog/products/S89029298/,MELLTORP / NISSE,"Table and 2 folding chairs, white, orange         84.98",http://www.ikea.com/us/en/images/products/melltorp-nisse-table-and-folding-chairs-white__0269647_PE407428_S4.JPG,68.98,Dining,89029298
http://www.ikea.com/us/en/catalog/products/S89012801/,MELLTORP / NISSE,"Table and 4 chairs, white, orange",http://www.ikea.com/us/en/images/products/melltorp-nisse-table-and-chairs-white__0249733_PE388060_S4.JPG,124.96,Dining,89012801
http://www.ikea.com/us/en/catalog/products/S79010708/,MELLTORP / REIDAR,"Table and 4 chairs, white, yellow",http://www.ikea.com/us/en/images/products/melltorp-reidar-table-and-chairs-yellow__0249734_PE388059_S4.JPG,261.00,Dining,79010708
http://www.ikea.com/us/en/catalog/products/40242993/,MELLTORP,"Chair, white",http://www.ikea.com/us/en/images/products/melltorp-chair-white__0251500_PE390092_S4.JPG,25.00,Dining,40242993
http://www.ikea.com/us/en/catalog/products/S29012998/,MELLTORP,"Table and 2 chairs, white         105.00",http://www.ikea.com/us/en/images/products/melltorp-table-and-chairs-white__0251506_PE390106_S4.JPG,89.00,Dining,29012998
http://www.ikea.com/us/en/catalog/products/S69010704/,MELLTORP,"Table and 4 chairs, white",http://www.ikea.com/us/en/images/products/melltorp-table-and-chairs-white__0251507_PE390107_S4.JPG,165.00,Dining,69010704
http://www.ikea.com/us/en/catalog/products/S19011777/,MELLTORP,"Table, white",http://www.ikea.com/us/en/images/products/melltorp-table-white__0083480_PE209696_S4.JPG,65.00,Dining,19011777
http://www.ikea.com/us/en/catalog/products/S39011781/,MELLTORP,"Table, white         55.00",http://www.ikea.com/us/en/images/products/melltorp-table-white__0083482_PE209698_S4.JPG,39.00,Dining,39011781
http://www.ikea.com/us/en/catalog/products/50280098/,MELLTORP,"Table top, white",http://www.ikea.com/us/en/images/products/melltorp-table-top-white__0083477_PE209693_S4.JPG,19.00,Dining,50280098
http://www.ikea.com/us/en/catalog/products/90280096/,MELLTORP,"Table top, white",http://www.ikea.com/us/en/images/products/melltorp-table-top-white__0083476_PE209692_S4.JPG,35.00,Dining,90280096
http://www.ikea.com/us/en/catalog/products/50280102/,MELLTORP,"Underframe, white         30.00",http://www.ikea.com/us/en/images/products/melltorp-underframe-white__0083479_PE209695_S4.JPG,20.00,Dining,50280102
http://www.ikea.com/us/en/catalog/products/90280100/,MELLTORP,"Underframe, white",http://www.ikea.com/us/en/images/products/melltorp-underframe-white__0083478_PE209694_S4.JPG,30.00,Dining,90280100
http://www.ikea.com/us/en/catalog/products/20038219/,MELODI,Pendant lamp,http://www.ikea.com/us/en/images/products/melodi-pendant-lamp__40807_PE111614_S4.JPG,9.99,Living room,20038219
http://www.ikea.com/us/en/catalog/products/40128780/,MELODI,"Pendant lamp, white",http://www.ikea.com/us/en/images/products/melodi-pendant-lamp-white__81492_PE206272_S4.JPG,19.99,Living room,40128780
http://www.ikea.com/us/en/catalog/products/40111987/,MERETE,"Curtains, 1 pair, bleached white",http://www.ikea.com/us/en/images/products/merete-curtains-pair-white__74221_PE190980_S4.JPG,29.99,Living room,40111987
http://www.ikea.com/us/en/catalog/products/80111985/,MERETE,"Curtains, 1 pair, beige",http://www.ikea.com/us/en/images/products/merete-curtains-pair-beige__74219_PE190978_S4.JPG,29.99,Living room,80111985
http://www.ikea.com/us/en/catalog/products/30256848/,MERETE,"Curtains, 1 pair, gray",http://www.ikea.com/us/en/images/products/merete-curtains-pair-gray__0191171_PE345212_S4.JPG,29.99,Living room,30256848
http://www.ikea.com/us/en/catalog/products/10295271/,MIEÅN,Shower curtain,http://www.ikea.com/us/en/images/products/miean-shower-curtain__0323048_PE516382_S4.JPG,12.99,Bathroom,10295271
http://www.ikea.com/us/en/catalog/products/00277847/,MILDRA,"Bottle, lilac",http://www.ikea.com/us/en/images/products/mildra-bottle-lilac__0306583_PE427141_S4.JPG,8.99,Eating,00277847
http://www.ikea.com/us/en/catalog/products/20277846/,MILDRA,"Bottle, turquoise",http://www.ikea.com/us/en/images/products/mildra-bottle-turquoise__0306585_PE427135_S4.JPG,8.99,Eating,20277846
http://www.ikea.com/us/en/catalog/products/90049573/,MINDE,Mirror,http://www.ikea.com/us/en/images/products/minde-mirror__08207_PE084963_S4.JPG,9.99,Bedroom,90049573
http://www.ikea.com/us/en/catalog/products/90264317/,MINIBJÖRN,"Wearable blanket, light green",http://www.ikea.com/us/en/images/products/minibjorn-wearable-blanket-green__0213833_PE369493_S4.JPG,12.99,Children's IKEA,90264317
http://www.ikea.com/us/en/catalog/products/80026020/,MINNA,"Fabric, bleached",http://www.ikea.com/us/en/images/products/minna-fabric__72251_PE188002_S4.JPG,7.99,Living room,80026020
http://www.ikea.com/us/en/catalog/products/20185601/,MINNA,"Fabric, dark gray",http://www.ikea.com/us/en/images/products/minna-fabric-gray__0111000_PE261634_S4.JPG,7.99,Living room,20185601
http://www.ikea.com/us/en/catalog/products/70185613/,MINNA,"Fabric, light brown",http://www.ikea.com/us/en/images/products/minna-fabric-brown__0110999_PE261633_S4.JPG,7.99,Living room,70185613
http://www.ikea.com/us/en/catalog/products/S59124621/,MINNEN,"Ext bed frame with slatted bed base, white",http://www.ikea.com/us/en/images/products/minnen-ext-bed-frame-with-slatted-bed-base-white__0371192_PE551424_S4.JPG,119.00,Children's IKEA,59124621
http://www.ikea.com/us/en/catalog/products/S49124626/,MINNEN,"Ext bed frame with slatted bed base, black",http://www.ikea.com/us/en/images/products/minnen-ext-bed-frame-with-slatted-bed-base-black__0367058_PE549636_S4.JPG,119.00,Children's IKEA,49124626
http://www.ikea.com/us/en/catalog/products/30315876/,MINNESUND,"Foam mattress, firm, white",http://www.ikea.com/us/en/images/products/minnesund-foam-mattress-white__0367199_PE549370_S4.JPG,89.00,Bedroom,30315876
http://www.ikea.com/us/en/catalog/products/70206371/,MINUT,Wall lamp,http://www.ikea.com/us/en/images/products/minut-wall-lamp__0116625_PE272096_S4.JPG,19.99,Living room,70206371
http://www.ikea.com/us/en/catalog/products/60101652/,MIXTUR,"Oven/serving dish, set of 4, clear glass",http://www.ikea.com/us/en/images/products/mixtur-oven-serving-dish-set-of-__67267_PE183488_S4.JPG,9.99,Eating,60101652
http://www.ikea.com/us/en/catalog/products/80058761/,MIXTUR,"Oven/serving dish, clear glass",http://www.ikea.com/us/en/images/products/mixtur-oven-serving-dish__22485_PE107361_S4.JPG,6.99,Eating,80058761
http://www.ikea.com/us/en/catalog/products/60058762/,MIXTUR,"Oven/serving dish, clear glass",http://www.ikea.com/us/en/images/products/mixtur-oven-serving-dish__22484_PE107360_S4.JPG,4.99,Eating,60058762
http://www.ikea.com/us/en/catalog/products/10092216/,MJÖD,"Beer mug, clear glass",http://www.ikea.com/us/en/images/products/mjod-beer-mug__55809_PE161052_S4.JPG,1.99,Eating,10092216
http://www.ikea.com/us/en/catalog/products/30312905/,MJÖLKÖRT,"Curtains, 1 pair, blue/white",http://www.ikea.com/us/en/images/products/mjolkort-curtains-pair-assorted-colors__0374797_PE553759_S4.JPG,12.99,Living room,30312905
http://www.ikea.com/us/en/catalog/products/00239488/,MJUKNÄVA,"Textile decorative patches, assorted colors",http://www.ikea.com/us/en/images/products/mjuknava-textile-decorative-patches-assorted-colors__0191173_PE345214_S4.JPG,4.99,Living room,00239488
http://www.ikea.com/us/en/catalog/products/S99161188/,MÖCKELBY / HENRIKSDAL,"Table and 2 chairs, oak white, Blekinge white",http://www.ikea.com/us/en/images/products/mockelby-henriksdal-table-and-chairs-white__0419092_PE576071_S4.JPG,577.00,Dining,99161188
http://www.ikea.com/us/en/catalog/products/S99131790/,MÖCKELBY / IKEA PS 2012,"Table and 6 chairs, oak, black",http://www.ikea.com/us/en/images/products/mockelby-ikea-ps-table-and-chairs-black__0392223_PE560322_S4.JPG,"1,209.00",Dining,99131790
http://www.ikea.com/us/en/catalog/products/S49103214/,MÖCKELBY / KAUSTBY,"Table and 2 chairs, oak, brown-black",http://www.ikea.com/us/en/images/products/mockelby-kaustby-table-and-chairs-black__0341909_PE530564_S4.JPG,497.00,Dining,49103214
http://www.ikea.com/us/en/catalog/products/40293770/,MÖCKELBY,"Drop-leaf table, oak",http://www.ikea.com/us/en/images/products/mockelby-drop-leaf-table__0366425_PE549219_S4.JPG,399.00,Dining,40293770
http://www.ikea.com/us/en/catalog/products/00293772/,MÖCKELBY,"Table, oak",http://www.ikea.com/us/en/images/products/mockelby-table__0336585_PE530566_S4.JPG,699.00,Dining,00293772
http://www.ikea.com/us/en/catalog/products/90287366/,MÖLBY,"Rug, high pile, multicolor",http://www.ikea.com/us/en/images/products/molby-rug-high-pile-assorted-colors__0307684_PE427745_S4.JPG,149.00,Living room,90287366
http://www.ikea.com/us/en/catalog/products/60263729/,MOLGAN,"LED light, white, battery operated",http://www.ikea.com/us/en/images/products/molgan-led-light-white__0301161_PE426568_S4.JPG,5.99,Living room,60263729
http://www.ikea.com/us/en/catalog/products/70265247/,MÖLLARP,"Handle, black",http://www.ikea.com/us/en/images/products/mollarp-handle-black__0282800_PE420362_S4.JPG,7.99,Living room,70265247
http://www.ikea.com/us/en/catalog/products/10273090/,MÖLLARP,"Knob, black",http://www.ikea.com/us/en/images/products/mollarp-knob-black__0282802_PE420365_S4.JPG,4.99,Living room,10273090
http://www.ikea.com/us/en/catalog/products/80301136/,MÖLLEKULLA,"Countertop, oak",http://www.ikea.com/us/en/images/products/mollekulla-countertop__0313122_PE516167_S4.JPG,199.00,Kitchen & appliances,80301136
http://www.ikea.com/us/en/catalog/products/70319250/,MÖLLTORP,"Chalkboard organizer, plan your world",http://www.ikea.com/us/en/images/products/molltorp-chalkboard-organizer__0390916_PE560283_S4.JPG,39.99,Decoration,70319250
http://www.ikea.com/us/en/catalog/products/50308587/,MOLTE,"Desk chair, yellow",http://www.ikea.com/us/en/images/products/molte-desk-chair-yellow__0327356_PE519798_S4.JPG,14.99,Office furniture,50308587
http://www.ikea.com/us/en/catalog/products/00081591/,MONGSTAD,"Mirror, black-brown",http://www.ikea.com/us/en/images/products/mongstad-mirror-brown__41852_PE136474_S4.JPG,99.99,Bedroom,00081591
http://www.ikea.com/us/en/catalog/products/80233072/,MÖNSTRAD,"Oven/baking mat, pink",http://www.ikea.com/us/en/images/products/monstrad-oven-baking-mat-pink__0192366_PE347043_S4.JPG,7.99,Cooking,80233072
http://www.ikea.com/us/en/catalog/products/30147425/,MONTERA,"Cable management, white",http://www.ikea.com/us/en/images/products/montera-cable-management-white__0088067_PE218108_S4.JPG,7.99,Living room,30147425
http://www.ikea.com/us/en/catalog/products/S19131628/,MÖRBYLÅNGA / BERNHARD,"Table and 6 chairs, brown, Kavat white",http://www.ikea.com/us/en/images/products/morbylanga-bernhard-table-and-chairs-white__0392224_PE560321_S4.JPG,"1,653.00",Dining,19131628
http://www.ikea.com/us/en/catalog/products/S19131652/,MÖRBYLÅNGA / LEIFARNE,"Table and 6 chairs, brown, white",http://www.ikea.com/us/en/images/products/morbylanga-leifarne-table-and-chairs-brown__0392225_PE560320_S4.JPG,903.00,Dining,19131652
http://www.ikea.com/us/en/catalog/products/20293766/,MÖRBYLÅNGA,"Table, oak veneer, brown",http://www.ikea.com/us/en/images/products/morbylanga-table-brown__0364486_PE548340_S4.JPG,699.00,Dining,20293766
http://www.ikea.com/us/en/catalog/products/80277382/,MORGEDAL,"Foam mattress, firm, dark gray",http://www.ikea.com/us/en/images/products/morgedal-foam-mattress-gray__0243577_PE382918_S4.JPG,279.00,Bedroom,80277382
http://www.ikea.com/us/en/catalog/products/30272117/,MORGONGÅVA,"Natural latex mattress, medium firm, natural",http://www.ikea.com/us/en/images/products/morgongava-natural-latex-mattress-beige__0243586_PE382911_S4.JPG,799.00,Bedroom,30272117
http://www.ikea.com/us/en/catalog/products/90300594/,MORGONMÅL,"Finials, 1 pair, white",http://www.ikea.com/us/en/images/products/morgonmal-finials-pair-white__0323890_PE517235_S4.JPG,3.99,Living room,90300594
http://www.ikea.com/us/en/catalog/products/80299440/,MORIK,"Wireless charger, white",http://www.ikea.com/us/en/images/products/morik-wireless-charger-white__0324586_PE518239_S4.JPG,30.00,Wireless charging,80299440
http://www.ikea.com/us/en/catalog/products/80198295/,MORUM,"Rug, flatwoven, beige indoor/outdoor beige",http://www.ikea.com/us/en/images/products/morum-rug-flatwoven-beige__0123529_PE279665_S4.JPG,119.00,Outdoor,80198295
http://www.ikea.com/us/en/catalog/products/30198293/,MORUM,"Rug, flatwoven, dark gray indoor/outdoor dark gray",http://www.ikea.com/us/en/images/products/morum-rug-flatwoven-gray__0123531_PE279667_S4.JPG,119.00,Outdoor,30198293
http://www.ikea.com/us/en/catalog/products/70245792/,MORVIK,"Wardrobe, black-brown, mirror glass",http://www.ikea.com/us/en/images/products/morvik-wardrobe-brown__0180624_PE332691_S4.JPG,259.00,Bedroom,70245792
http://www.ikea.com/us/en/catalog/products/90144730/,MOSJÖ,"TV unit, black-brown",http://www.ikea.com/us/en/images/products/mosjo-tv-unit-brown__0099787_PE242088_S4.JPG,39.99,Living room,90144730
http://www.ikea.com/us/en/catalog/products/30231612/,MOSSEN,"Decorative stickers, tree",http://www.ikea.com/us/en/images/products/mossen-decorative-stickers__0176823_PE329565_S4.JPG,12.99,Decoration,30231612
http://www.ikea.com/us/en/catalog/products/00308636/,MOSSFLOX,"Curtains, 1 pair, multicolor",http://www.ikea.com/us/en/images/products/mossflox-curtains-pair-assorted-colors__0365476_PE548200_S4.JPG,29.99,Living room,00308636
http://www.ikea.com/us/en/catalog/products/20291767/,MOSSLANDA,"Picture ledge, black",http://www.ikea.com/us/en/images/products/mosslanda-picture-ledge-black__0380997_PE556427_S4.JPG,9.99,Decoration,20291767
http://www.ikea.com/us/en/catalog/products/40291766/,MOSSLANDA,"Picture ledge, white",http://www.ikea.com/us/en/images/products/mosslanda-picture-ledge-white__0381001_PE556430_S4.JPG,9.99,Decoration,40291766
http://www.ikea.com/us/en/catalog/products/00295257/,MOSTORP,"TV unit, white",http://www.ikea.com/us/en/images/products/mostorp-tv-unit-white__0360439_PE546364_S4.JPG,279.00,Living room,00295257
http://www.ikea.com/us/en/catalog/products/60295706/,MOSTORP,"Wall shelf, beige",http://www.ikea.com/us/en/images/products/mostorp-wall-shelf-beige__0360441_PE546366_S4.JPG,129.00,Living room,60295706
http://www.ikea.com/us/en/catalog/products/70119171/,MOTORP,"Box, palm leaf",http://www.ikea.com/us/en/images/products/motorp-box__41236_PE135641_S4.JPG,5.99,Living room,70119171
http://www.ikea.com/us/en/catalog/products/30116419/,MOTORP,"Box with lid, palm leaf",http://www.ikea.com/us/en/images/products/motorp-box-with-lid__68526_PE182691_S4.JPG,9.99,Living room,30116419
http://www.ikea.com/us/en/catalog/products/00295158/,MUFFINSMIX CHOKLAD,"Muffin mix, chocolate",http://www.ikea.com/us/en/images/products/muffinsmix-choklad-muffin-mix-chocolate__0446743_PE596799_S4.JPG,5.99,Food,00295158
http://www.ikea.com/us/en/catalog/products/90295192/,MUFFINSMIX CITRON,"Muffin mix, lemon flavor",http://www.ikea.com/us/en/images/products/muffinsmix-citron-muffin-mix-lemon-flavor__0446750_PE596800_S4.JPG,5.99,Food,90295192
http://www.ikea.com/us/en/catalog/products/10301955/,MULLERUP,"Rug, high pile, dark beige",http://www.ikea.com/us/en/images/products/mullerup-rug-high-pile-beige__0307691_PE427743_S4.JPG,199.00,Living room,10301955
http://www.ikea.com/us/en/catalog/products/30299032/,MUREN,"Recliner, Nordvalla beige",http://www.ikea.com/us/en/images/products/muren-recliner-beige__0325257_PE517991_S4.JPG,299.00,Living room,30299032
http://www.ikea.com/us/en/catalog/products/60235883/,MURKLA,"Glass, patterned multicolor",http://www.ikea.com/us/en/images/products/murkla-glass-assorted-colors__0244188_PE383395_S4.JPG,0.99,Eating,60235883
http://www.ikea.com/us/en/catalog/products/70292217/,MURRUTA,"Curtains, 1 pair, gray",http://www.ikea.com/us/en/images/products/murruta-curtains-pair-gray__0283813_PE421227_S4.JPG,59.99,Living room,70292217
http://www.ikea.com/us/en/catalog/products/90292075/,MURRUTA,"Lace curtains, 1 pair, white",http://www.ikea.com/us/en/images/products/murruta-lace-curtains-pair-white__0271749_PE415320_S4.JPG,19.99,Living room,90292075
http://www.ikea.com/us/en/catalog/products/00299934/,MURRUTA,"Panel curtain, white",http://www.ikea.com/us/en/images/products/murruta-panel-curtain-white__0324095_PE517041_S4.JPG,9.99,Living room,00299934
http://www.ikea.com/us/en/catalog/products/30113029/,MUSIK,"Wall lamp, chrome plated",http://www.ikea.com/us/en/images/products/musik-wall-lamp__76664_PE199378_S4.JPG,29.99,Living room,30113029
http://www.ikea.com/us/en/catalog/products/60233822/,MUSKOTNÖT,"Plant pot, blue patterned",http://www.ikea.com/us/en/images/products/muskotnot-plant-pot-blue__0209453_PE363008_S4.JPG,1.99,Decoration,60233822
http://www.ikea.com/us/en/catalog/products/40297891/,MÜSLI,Muesli with berries,http://www.ikea.com/us/en/images/products/musli-muesli-with-berries__0444865_PE595325_S4.JPG,4.99,Food,40297891
http://www.ikea.com/us/en/catalog/products/80286635/,MUSTIG,"Glass, light blue",http://www.ikea.com/us/en/images/products/mustig-glass-blue__0328837_PE520749_S4.JPG,0.99,Eating,80286635
http://www.ikea.com/us/en/catalog/products/20102451/,MYDAL,"Bunk bed frame, pine",http://www.ikea.com/us/en/images/products/mydal-bunk-bed-frame__63504_PE171155_S4.JPG,169.00,Bedroom,20102451
http://www.ikea.com/us/en/catalog/products/S19010513/,MYGGA,"Bed frame with slatted bed base, black-brown",http://www.ikea.com/us/en/images/products/mygga-bed-frame-with-slatted-bed-base__0206809_PE360812_S4.JPG,89.99,Children's IKEA,19010513
http://www.ikea.com/us/en/catalog/products/70309982/,MYRARP,"Picture, Kansas City by night",http://www.ikea.com/us/en/images/products/myrarp-picture__0378171_PE554278_S4.JPG,49.99,Decoration,70309982
http://www.ikea.com/us/en/catalog/products/90309981/,MYRARP,"Picture, Washinghton D.C. by night",http://www.ikea.com/us/en/images/products/myrarp-picture__0378174_PE554281_S4.JPG,49.99,Decoration,90309981
http://www.ikea.com/us/en/catalog/products/70272144/,MYRBACKA,"Latex mattress, medium firm, white",http://www.ikea.com/us/en/images/products/myrbacka-latex-mattress-white__0243620_PE382927_S4.JPG,479.00,Bedroom,70272144
http://www.ikea.com/us/en/catalog/products/00272171/,MYRBACKA,"Memory foam mattress, firm, white",http://www.ikea.com/us/en/images/products/myrbacka-memory-foam-mattress-white__0243621_PE382926_S4.JPG,499.00,Bedroom,00272171
http://www.ikea.com/us/en/catalog/products/70306926/,MYSIG,"Bed canopy, light blue",http://www.ikea.com/us/en/images/products/mysig-bed-canopy-blue__0139956_PE299795_S4.JPG,14.99,Children's IKEA,70306926
http://www.ikea.com/us/en/catalog/products/00312025/,MYSINGSÖ,"Beach chair, foldable light red",http://www.ikea.com/us/en/images/products/mysingso-beach-chair-red__0399842_PE565957_S4.JPG,24.99,Outdoor,00312025
http://www.ikea.com/us/en/catalog/products/40271891/,MYSKGRÄS,"Comforter, cooler",http://www.ikea.com/us/en/images/products/myskgras-comforter-cooler__0210005_PE363457_S4.JPG,7.99,Bedroom,40271891
