http://www.ikea.com/us/en/catalog/products/10319173/,NACKSTA,"Frame for 3 pictures, white",http://www.ikea.com/us/en/images/products/nacksta-frame-for-pictures-white__0421640_PE577936_S4.JPG,7.99,Decoration,10319173
http://www.ikea.com/us/en/catalog/products/70075638/,NÄCKTEN,"Bathmat, white",http://www.ikea.com/us/en/images/products/nackten-bathmat-white__38257_PE130146_S4.JPG,2.99,Bathroom,70075638
http://www.ikea.com/us/en/catalog/products/50215084/,NÄCKTEN,"Guest towel, white",http://www.ikea.com/us/en/images/products/nackten-guest-towel-white__11974_PE089251_S4.JPG,0.49,Bathroom,50215084
http://www.ikea.com/us/en/catalog/products/20282428/,NANIG,"4-piece bed linen set for crib, green",http://www.ikea.com/us/en/images/products/nanig-piece-bed-linen-set-for-crib-green__0427111_PE582598_S4.JPG,24.99,Children's IKEA,20282428
http://www.ikea.com/us/en/catalog/products/50306507/,NANIG,"Box, light green",http://www.ikea.com/us/en/images/products/nanig-box-green__0316914_PE386328_S4.JPG,12.99,Children's IKEA,50306507
http://www.ikea.com/us/en/catalog/products/70306506/,NANIG,"Box, light beige",http://www.ikea.com/us/en/images/products/nanig-box-beige__0316725_PE386329_S4.JPG,12.99,Children's IKEA,70306506
http://www.ikea.com/us/en/catalog/products/10306509/,NANIG,"Diaper stacker, light green",http://www.ikea.com/us/en/images/products/nanig-diaper-stacker-green__0247330_PE386125_S4.JPG,4.99,Children's IKEA,10306509
http://www.ikea.com/us/en/catalog/products/30306508/,NANIG,"Diaper stacker, light blue",http://www.ikea.com/us/en/images/products/nanig-diaper-stacker-blue__0247329_PE386124_S4.JPG,4.99,Children's IKEA,30306508
http://www.ikea.com/us/en/catalog/products/70306511/,NANIG,"Diaper stacker, light pink",http://www.ikea.com/us/en/images/products/nanig-diaper-stacker-pink__0247331_PE386129_S4.JPG,4.99,Children's IKEA,70306511
http://www.ikea.com/us/en/catalog/products/50306512/,NANIG,"Wall pockets, light blue",http://www.ikea.com/us/en/images/products/nanig-wall-pockets-blue__0316916_PE386127_S4.JPG,4.99,Children's IKEA,50306512
http://www.ikea.com/us/en/catalog/products/30306513/,NANIG,"Wall pockets, light green",http://www.ikea.com/us/en/images/products/nanig-wall-pockets-green__0316917_PE386128_S4.JPG,4.99,Children's IKEA,30306513
http://www.ikea.com/us/en/catalog/products/10306514/,NANIG,"Wall pockets, light pink",http://www.ikea.com/us/en/images/products/nanig-wall-pockets-pink__0316919_PE386126_S4.JPG,4.99,Children's IKEA,10306514
http://www.ikea.com/us/en/catalog/products/50306526/,NÄPEN,"Clothes stand cover, turquoise",http://www.ikea.com/us/en/images/products/napen-clothes-stand-cover-turquoise__0174289_PE328073_S4.JPG,5.00,Children's IKEA,50306526
http://www.ikea.com/us/en/catalog/products/10306528/,NÄPEN,"Clothes stand cover, lilac",http://www.ikea.com/us/en/images/products/napen-clothes-stand-cover-lilac__0174282_PE328079_S4.JPG,5.00,Children's IKEA,10306528
http://www.ikea.com/us/en/catalog/products/40237915/,NÄPEN,"Clothes stand, white",http://www.ikea.com/us/en/images/products/napen-clothes-stand-white__0174290_PE328072_S4.JPG,14.99,Children's IKEA,40237915
http://www.ikea.com/us/en/catalog/products/60290836/,NÄRUM,"Rug, high pile, light brown",http://www.ikea.com/us/en/images/products/narum-rug-high-pile-brown__0360075_PE546571_S4.JPG,249.00,Living room,60290836
http://www.ikea.com/us/en/catalog/products/00253139/,NATTLIG,"Waterproof mattress protector, white",http://www.ikea.com/us/en/images/products/nattlig-waterproof-mattress-protector-white__0183635_PE334597_S4.JPG,14.99,Children's IKEA,00253139
http://www.ikea.com/us/en/catalog/products/90253130/,NATTLIG,"Waterproof mattress protector, white",http://www.ikea.com/us/en/images/products/nattlig-waterproof-mattress-protector-white__0183635_PE334597_S4.JPG,17.99,Children's IKEA,90253130
http://www.ikea.com/us/en/catalog/products/00267358/,NATTLJUS,"Cushion cover, white/black",http://www.ikea.com/us/en/images/products/nattljus-cushion-cover-assorted-colors__0282068_PE420106_S4.JPG,5.00,Living room,00267358
http://www.ikea.com/us/en/catalog/products/50286590/,NATTLJUS,"Duvet cover and pillowcase(s), beige",http://www.ikea.com/us/en/images/products/nattljus-duvet-cover-and-pillowcase-s-beige__0409519_PE569816_S4.JPG,14.99,Bedroom,50286590
http://www.ikea.com/us/en/catalog/products/00286390/,NATTLJUS,"Fabric, white/black",http://www.ikea.com/us/en/images/products/nattljus-fabric-assorted-colors__0278686_PE418328_S4.JPG,4.99,Living room,00286390
http://www.ikea.com/us/en/catalog/products/20240985/,NATURKÄR,"Duvet cover and pillowcase(s), pink",http://www.ikea.com/us/en/images/products/naturkar-duvet-cover-and-pillowcase-s-pink__0186711_PE338889_S4.JPG,14.99,Children's IKEA,20240985
http://www.ikea.com/us/en/catalog/products/80285792/,NEJKON,"Plant pot, white",http://www.ikea.com/us/en/images/products/nejkon-plant-pot-white__0398377_PE564120_S4.JPG,0.99,Decoration,80285792
http://www.ikea.com/us/en/catalog/products/70215525/,NESNA,Nightstand,http://www.ikea.com/us/en/images/products/nesna-nightstand__0133450_PE288918_S4.JPG,14.99,Bedroom,70215525
http://www.ikea.com/us/en/catalog/products/S99158058/,NESTTUN,"Bed frame, white, Lönset",http://www.ikea.com/us/en/images/products/nesttun-bed-frame-white__0418618_PE575681_S4.JPG,219.00,Bedroom,99158058
http://www.ikea.com/us/en/catalog/products/60293284/,NILS,"Armchair cover, Skiftebo dark gray",http://www.ikea.com/us/en/images/products/nils-armchair-cover-gray__0280707_PE419495_S4.JPG,20.00,Dining,60293284
http://www.ikea.com/us/en/catalog/products/30131622/,NILS,"Armchair cover, Blekinge white",http://www.ikea.com/us/en/images/products/nils-armchair-cover-white__0368621_PE549627_S4.JPG,14.00,Dining,30131622
http://www.ikea.com/us/en/catalog/products/S99031007/,NILS,"Armchair, black, Skiftebo dark gray",http://www.ikea.com/us/en/images/products/nils-armchair-gray__0280703_PE419492_S4.JPG,95.00,Dining,99031007
http://www.ikea.com/us/en/catalog/products/S99848706/,NILS,"Armchair, black, Blekinge white",http://www.ikea.com/us/en/images/products/nils-armchair-white__0368622_PE549628_S4.JPG,89.00,Dining,99848706
http://www.ikea.com/us/en/catalog/products/50131621/,NILS,"Chair frame with armrests, black",http://www.ikea.com/us/en/images/products/nils-chair-frame-with-armrests-black__0368620_PE549629_S4.JPG,75.00,Dining,50131621
http://www.ikea.com/us/en/catalog/products/30309724/,NILSERIK,"Stool, white, Vissle gray",http://www.ikea.com/us/en/images/products/nilserik-stool-gray__0369445_PE551378_S4.JPG,49.99,Office furniture,30309724
http://www.ikea.com/us/en/catalog/products/30293290/,NILS,"Stool cover, Skiftebo dark gray",http://www.ikea.com/us/en/images/products/nils-stool-cover-gray__0280709_PE419496_S4.JPG,14.00,Dining,30293290
http://www.ikea.com/us/en/catalog/products/10129955/,NILS,"Stool cover, Blekinge white",http://www.ikea.com/us/en/images/products/nils-stool-cover-white__0143773_PE303270_S4.JPG,10.00,Dining,10129955
http://www.ikea.com/us/en/catalog/products/S19031011/,NILS,"Stool, black, Skiftebo dark gray",http://www.ikea.com/us/en/images/products/nils-stool-gray__0280705_PE419493_S4.JPG,49.00,Dining,19031011
http://www.ikea.com/us/en/catalog/products/S59850386/,NILS,"Stool, black, Blekinge white",http://www.ikea.com/us/en/images/products/nils-stool-white__0086248_PE214749_S4.JPG,45.00,Dining,59850386
http://www.ikea.com/us/en/catalog/products/80140129/,NILS,"Stool frame, black",http://www.ikea.com/us/en/images/products/nils-stool-frame-black__0084222_PE210697_S4.JPG,35.00,Dining,80140129
http://www.ikea.com/us/en/catalog/products/70295310/,NIMMERN,"Bath sheet, multicolor",http://www.ikea.com/us/en/images/products/nimmern-bath-sheet-assorted-colors__0345123_PE531629_S4.JPG,7.99,Bathroom,70295310
http://www.ikea.com/us/en/catalog/products/10295308/,NIMMERN,"Bath towel, multicolor",http://www.ikea.com/us/en/images/products/nimmern-bath-towel-assorted-colors__0345123_PE531629_S4.JPG,3.99,Bathroom,10295308
http://www.ikea.com/us/en/catalog/products/90295314/,NIMMERN,"Hand towel, multicolor",http://www.ikea.com/us/en/images/products/nimmern-hand-towel-assorted-colors__0345123_PE531629_S4.JPG,2.99,Bathroom,90295314
http://www.ikea.com/us/en/catalog/products/50295274/,NIMMERN,"Shower curtain, multicolor",http://www.ikea.com/us/en/images/products/nimmern-shower-curtain-assorted-colors__0291786_PE425076_S4.JPG,7.99,Bathroom,50295274
http://www.ikea.com/us/en/catalog/products/00295318/,NIMMERN,"Washcloth, multicolor",http://www.ikea.com/us/en/images/products/nimmern-washcloth-assorted-colors__0345123_PE531629_S4.JPG,0.99,Bathroom,00295318
http://www.ikea.com/us/en/catalog/products/30291234/,NINNI RUND,"Curtains, 1 pair, light beige",http://www.ikea.com/us/en/images/products/ninni-rund-curtains-pair-beige__0124640_PE281494_S4.JPG,59.99,Living room,30291234
http://www.ikea.com/us/en/catalog/products/10115067/,NISSE,"Folding chair, high gloss white, chrome plated",http://www.ikea.com/us/en/images/products/nisse-folding-chair-white__74032_PE190779_S4.JPG,24.99,Dining,10115067
http://www.ikea.com/us/en/catalog/products/30115066/,NISSE,"Folding chair, black",http://www.ikea.com/us/en/images/products/nisse-folding-chair-black__74031_PE190778_S4.JPG,14.99,Dining,30115066
http://www.ikea.com/us/en/catalog/products/30246208/,NISSE,"Folding chair, orange",http://www.ikea.com/us/en/images/products/nisse-folding-chair-orange__0243012_PE382260_S4.JPG,14.99,Dining,30246208
http://www.ikea.com/us/en/catalog/products/10317348/,NITTIO,"LED bulb E26, globe copper color",http://www.ikea.com/us/en/images/products/nittio-led-bulb-e-yellow__0417790_PE575641_S4.JPG,7.99,Living room,10317348
http://www.ikea.com/us/en/catalog/products/00317155/,NITTIO,"LED bulb E26, globe silver color",http://www.ikea.com/us/en/images/products/nittio-led-bulb-e-__0406315_PE569283_S4.JPG,7.99,Living room,00317155
http://www.ikea.com/us/en/catalog/products/20256801/,NITTORP,"TV unit, dark gray",http://www.ikea.com/us/en/images/products/nittorp-tv-unit-gray__0186643_PE338823_S4.JPG,59.99,Living room,20256801
http://www.ikea.com/us/en/catalog/products/30284182/,NOCKEBY,"Legs for footstool, wood",http://www.ikea.com/us/en/images/products/nockeby-legs-for-footstool__0250691_PE389125_S4.JPG,25.00,Living room,30284182
http://www.ikea.com/us/en/catalog/products/60284185/,NOCKEBY,"Legs for footstool, chrome plated",http://www.ikea.com/us/en/images/products/nockeby-legs-for-footstool__0250688_PE389127_S4.JPG,25.00,Living room,60284185
http://www.ikea.com/us/en/catalog/products/20284187/,NOCKEBY,"Legs for loveseat, chrome plated",http://www.ikea.com/us/en/images/products/nockeby-legs-for-loveseat__0250759_PE389290_S4.JPG,30.00,Living room,20284187
http://www.ikea.com/us/en/catalog/products/70284175/,NOCKEBY,"Legs for loveseat, wood",http://www.ikea.com/us/en/images/products/nockeby-legs-for-loveseat__0250761_PE389293_S4.JPG,30.00,Living room,70284175
http://www.ikea.com/us/en/catalog/products/80284189/,NOCKEBY,"Legs for loveseat w chaise, chrome plated",http://www.ikea.com/us/en/images/products/nockeby-legs-for-loveseat-w-chaise__0251448_PE389931_S4.JPG,60.00,Living room,80284189
http://www.ikea.com/us/en/catalog/products/90284179/,NOCKEBY,"Legs for loveseat w chaise, wood",http://www.ikea.com/us/en/images/products/nockeby-legs-for-loveseat-w-chaise__0251451_PE389930_S4.JPG,60.00,Living room,90284179
http://www.ikea.com/us/en/catalog/products/30284177/,NOCKEBY,"Legs for sofa, wood",http://www.ikea.com/us/en/images/products/nockeby-legs-for-sofa__0250761_PE389293_S4.JPG,40.00,Living room,30284177
http://www.ikea.com/us/en/catalog/products/40284191/,NOCKEBY,"Legs for sofa, chrome plated",http://www.ikea.com/us/en/images/products/nockeby-legs-for-sofa__0250759_PE389290_S4.JPG,40.00,Living room,40284191
http://www.ikea.com/us/en/catalog/products/10233462/,NÖDVÄNDIG,"Bowl, black",http://www.ikea.com/us/en/images/products/nodvandig-bowl-black__0248994_PE387374_S4.JPG,12.99,Decoration,10233462
http://www.ikea.com/us/en/catalog/products/70319014/,NÖDVÄNDIG,"Bowl, black",http://www.ikea.com/us/en/images/products/nodvandig-bowl-black__0395299_PE562070_S4.JPG,14.99,Decoration,70319014
http://www.ikea.com/us/en/catalog/products/20255335/,NOJSIG,"Soft toy, princess",http://www.ikea.com/us/en/images/products/nojsig-soft-toy__0185594_PE337577_S4.JPG,4.99,Children's IKEA,20255335
http://www.ikea.com/us/en/catalog/products/10233829/,NOLBYN,"Armchair, black, black",http://www.ikea.com/us/en/images/products/nolbyn-armchair-black__0152018_PE310350_S4.JPG,59.99,Living room,10233829
http://www.ikea.com/us/en/catalog/products/40233535/,NOLMYRA,"Chair, black, black",http://www.ikea.com/us/en/images/products/nolmyra-chair-black__0169629_PE323574_S4.JPG,39.99,Living room,40233535
http://www.ikea.com/us/en/catalog/products/90200269/,NOMINELL,"Pair of armrests, black",http://www.ikea.com/us/en/images/products/nominell-pair-of-armrests-black__0114562_PE267086_S4.JPG,20.00,Office furniture,90200269
http://www.ikea.com/us/en/catalog/products/S99010651/,NORBERG / NISSE,"Table and 1 chair, white, orange",http://www.ikea.com/us/en/images/products/norberg-nisse-table-and-chair-white__0249738_PE388084_S4.JPG,53.99,Dining,99010651
http://www.ikea.com/us/en/catalog/products/30180504/,NORBERG,"Wall-mounted drop-leaf table, white",http://www.ikea.com/us/en/images/products/norberg-wall-mounted-drop-leaf-table-white__0120123_PE276553_S4.JPG,39.00,Dining,30180504
http://www.ikea.com/us/en/catalog/products/50269029/,NORDDAL,"Bunk bed frame, black-brown",http://www.ikea.com/us/en/images/products/norddal-bunk-bed-frame-brown__0107485_PE257168_S4.JPG,299.00,Bedroom,50269029
http://www.ikea.com/us/en/catalog/products/S79161250/,NORDEN / IDOLF,"Table and 2 chairs, white, black",http://www.ikea.com/us/en/images/products/norden-idolf-table-and-chairs-black__0419271_PE576187_S4.JPG,317.00,Dining,79161250
http://www.ikea.com/us/en/catalog/products/S49161237/,NORDEN / IDOLF,"Table and 2 chairs, white, white",http://www.ikea.com/us/en/images/products/norden-idolf-table-and-chairs-white__0419278_PE576188_S4.JPG,317.00,Dining,49161237
http://www.ikea.com/us/en/catalog/products/S19161253/,NORDEN / IDOLF,"Table and 4 chairs, birch, black",http://www.ikea.com/us/en/images/products/norden-idolf-table-and-chairs-black__0419283_PE576192_S4.JPG,535.00,Dining,19161253
http://www.ikea.com/us/en/catalog/products/S99010731/,NORDEN / NORRNÄS,"Table and 4 chairs, birch, Isunda gray",http://www.ikea.com/us/en/images/products/norden-norrnas-table-and-chairs-gray__0241620_PE381434_S4.JPG,615.00,Dining,99010731
http://www.ikea.com/us/en/catalog/products/S79130503/,NORDEN / SVENBERTIL,"Table and 2 chairs, white, birch",http://www.ikea.com/us/en/images/products/norden-svenbertil-table-and-chairs-white__0392230_PE560319_S4.JPG,327.00,Dining,79130503
http://www.ikea.com/us/en/catalog/products/S59097359/,NORDEN / TERJE,"Table and 2 chairs, birch, white",http://www.ikea.com/us/en/images/products/norden-terje-table-and-chairs-white__0157284_PE315417_S4.JPG,238.98,Dining,59097359
http://www.ikea.com/us/en/catalog/products/S19097361/,NORDEN / VILMAR,"Table and 4 chairs, white",http://www.ikea.com/us/en/images/products/norden-vilmar-table-and-chairs-white__0184985_PE336835_S4.JPG,355.00,Dining,19097361
http://www.ikea.com/us/en/catalog/products/30295029/,NORDIS,"Sheer curtains, 1 pair, white",http://www.ikea.com/us/en/images/products/nordis-sheer-curtains-pair-white__0191179_PE345216_S4.JPG,19.99,Living room,30295029
http://www.ikea.com/us/en/catalog/products/80289790/,NORDMÄRKE,"Single pad for wireless charging, birch",http://www.ikea.com/us/en/images/products/nordmarke-single-pad-for-wireless-charging__0322179_PE516379_S4.JPG,27.99,Wireless charging,80289790
http://www.ikea.com/us/en/catalog/products/80308307/,NORDMÄRKE,"Single pad for wireless charging, white",http://www.ikea.com/us/en/images/products/nordmarke-single-pad-for-wireless-charging-white__0326703_PE518236_S4.JPG,27.99,Wireless charging,80308307
http://www.ikea.com/us/en/catalog/products/40289829/,NORDMÄRKE,"Triple pad for wireless charging, birch",http://www.ikea.com/us/en/images/products/nordmarke-triple-pad-for-wireless-charging__0326720_PE519777_S4.JPG,64.99,Wireless charging,40289829
http://www.ikea.com/us/en/catalog/products/10308315/,NORDMÄRKE,"Triple pad for wireless charging, white",http://www.ikea.com/us/en/images/products/nordmarke-triple-pad-for-wireless-charging-white__0326730_PE518234_S4.JPG,64.99,Wireless charging,10308315
http://www.ikea.com/us/en/catalog/products/10288299/,NORDRANA,"Basket, set of 2, gray",http://www.ikea.com/us/en/images/products/nordrana-basket-set-of-gray__0285006_PE422163_S4.JPG,9.99,Bathroom,10288299
http://www.ikea.com/us/en/catalog/products/10288303/,NORDRANA,"Basket, set of 4, gray",http://www.ikea.com/us/en/images/products/nordrana-basket-set-of-gray__0285007_PE422160_S4.JPG,14.99,Bathroom,10288303
http://www.ikea.com/us/en/catalog/products/60288305/,NORDRANA,"Hanging storage, gray",http://www.ikea.com/us/en/images/products/nordrana-hanging-storage-gray__0285008_PE422161_S4.JPG,19.99,Bathroom,60288305
http://www.ikea.com/us/en/catalog/products/50080264/,NORNA,"Chair pad, Laila natural",http://www.ikea.com/us/en/images/products/norna-chair-pad-beige__44796_PE130423_S4.JPG,7.99,Living room,50080264
http://www.ikea.com/us/en/catalog/products/S19117298/,NORRÅKER / NORRÅKER,"Table and 2 chairs, white birch, white birch",http://www.ikea.com/us/en/images/products/norraker-norraker-table-and-chairs__0375708_PE553277_S4.JPG,217.00,Dining,19117298
http://www.ikea.com/us/en/catalog/products/S99117077/,NORRÅKER / NORRÅKER,"Table and 4 chairs, white birch, white birch",http://www.ikea.com/us/en/images/products/norraker-norraker-table-and-chairs__0375705_PE553279_S4.JPG,385.00,Dining,99117077
http://www.ikea.com/us/en/catalog/products/S99117299/,NORRÅKER / NORRÅKER,"Table and 6 chairs, white birch, white birch",http://www.ikea.com/us/en/images/products/norraker-norraker-table-and-chairs__0375707_PE553278_S4.JPG,623.00,Dining,99117299
http://www.ikea.com/us/en/catalog/products/40280843/,NORRARYD,"Chair, black",http://www.ikea.com/us/en/images/products/norraryd-chair-black__0418685_PE575722_S4.JPG,69.00,Dining,40280843
http://www.ikea.com/us/en/catalog/products/00260677/,NORRÅSEN,"Laptop table, gray",http://www.ikea.com/us/en/images/products/norrasen-laptop-table-gray__0249956_PE388292_S4.JPG,89.99,Office furniture,00260677
http://www.ikea.com/us/en/catalog/products/00273076/,NORRBYN,"Knob, assorted colors",http://www.ikea.com/us/en/images/products/norrbyn-knob-assorted-colors__0256825_PE400851_S4.JPG,3.99,Living room,00273076
http://www.ikea.com/us/en/catalog/products/00177503/,NORRNÄS,"Chair, birch, Isunda gray",http://www.ikea.com/us/en/images/products/norrnas-chair-gray__0105946_PE253718_S4.JPG,79.00,Dining,00177503
http://www.ikea.com/us/en/catalog/products/10177499/,NORRNÄS,"Chair, black, Isunda gray",http://www.ikea.com/us/en/images/products/norrnas-chair-gray__0105947_PE253719_S4.JPG,79.00,Dining,10177499
http://www.ikea.com/us/en/catalog/products/60185307/,NORRNÄS,"Chair, white, Isunda gray",http://www.ikea.com/us/en/images/products/norrnas-chair-gray__0105949_PE253721_S4.JPG,79.00,Dining,60185307
http://www.ikea.com/us/en/catalog/products/80316369/,NOSVIMMA,Wine glass,http://www.ikea.com/us/en/images/products/nosvimma-wine-glass__0391405_PE560225_S4.JPG,1.99,Eating,80316369
http://www.ikea.com/us/en/catalog/products/30145129/,NOT,"Floor uplight/reading lamp, white, white",http://www.ikea.com/us/en/images/products/not-floor-uplight-reading-lamp-white__0085597_PE213374_S4.JPG,9.99,Living room,30145129
http://www.ikea.com/us/en/catalog/products/70145132/,NOT,"Floor uplight/reading lamp, black, white",http://www.ikea.com/us/en/images/products/not-floor-uplight-reading-lamp-black__0255571_PE399686_S4.JPG,9.99,Living room,70145132
http://www.ikea.com/us/en/catalog/products/10139879/,NOT,"Floor uplight, black, white",http://www.ikea.com/us/en/images/products/not-floor-uplight-black__0085594_PE213371_S4.JPG,7.49,Living room,10139879
http://www.ikea.com/us/en/catalog/products/70288574/,NUTID,"Double oven, Stainless steel",http://www.ikea.com/us/en/images/products/nutid-double-oven__0307955_PE427958_S4.JPG,"1,499.00",Kitchen & appliances,70288574
http://www.ikea.com/us/en/catalog/products/10292258/,NUTID,"French door refrigerator, Stainless steel",http://www.ikea.com/us/en/images/products/nutid-french-door-refrigerator__0324901_PE517248_S4.JPG,"1,899.00",Kitchen & appliances,10292258
http://www.ikea.com/us/en/catalog/products/40288759/,NUTID,"French door refrigerator, Stainless steel",http://www.ikea.com/us/en/images/products/nutid-french-door-refrigerator__0309638_PE428704_S4.JPG,"1,499.00",Kitchen & appliances,40288759
http://www.ikea.com/us/en/catalog/products/60288758/,NUTID,"French door refrigerator, Stainless steel",http://www.ikea.com/us/en/images/products/nutid-french-door-refrigerator__0309634_PE428700_S4.JPG,"1,299.00",Kitchen & appliances,60288758
http://www.ikea.com/us/en/catalog/products/80288757/,NUTID,"French door refrigerator, Stainless steel",http://www.ikea.com/us/en/images/products/nutid-french-door-refrigerator__0324895_PE517255_S4.JPG,"1,799.00",Kitchen & appliances,80288757
http://www.ikea.com/us/en/catalog/products/60288918/,NUTID,"Microwave oven, Stainless steel",http://www.ikea.com/us/en/images/products/nutid-microwave-oven__0340632_PE527646_S4.JPG,699.00,Kitchen & appliances,60288918
http://www.ikea.com/us/en/catalog/products/50288914/,NUTID,"Microwave oven with extractor fan, Stainless steel",http://www.ikea.com/us/en/images/products/nutid-microwave-oven-with-extractor-fan__0309743_PE428735_S4.JPG,349.00,Kitchen & appliances,50288914
http://www.ikea.com/us/en/catalog/products/30254892/,NUTID S25,"Side-by-side refrigerator, Stainless steel",http://www.ikea.com/us/en/images/products/nutid-s-side-by-side-refrigerator__0309690_PE428718_S4.JPG,"1,299.00",Kitchen & appliances,30254892
http://www.ikea.com/us/en/catalog/products/40288575/,NUTID,"Self-cleaning convection oven, Stainless steel",http://www.ikea.com/us/en/images/products/nutid-self-cleaning-convection-oven__0307956_PE427957_S4.JPG,"1,199.00",Kitchen & appliances,40288575
http://www.ikea.com/us/en/catalog/products/00288756/,NUTID,"Side-by-side refrigerator, Stainless steel",http://www.ikea.com/us/en/images/products/nutid-side-by-side-refrigerator__0324893_PE517257_S4.JPG,"1,799.00",Kitchen & appliances,00288756
http://www.ikea.com/us/en/catalog/products/00288563/,NUTID,"Slide-in range with ceramic cooktop, Stainless steel",http://www.ikea.com/us/en/images/products/nutid-slide-in-range-with-ceramic-cooktop__0307960_PE427952_S4.JPG,"1,099.00",Kitchen & appliances,00288563
http://www.ikea.com/us/en/catalog/products/80288564/,NUTID,"Slide-in range with gas cooktop, Stainless steel",http://www.ikea.com/us/en/images/products/nutid-slide-in-range-with-gas-cooktop__0307961_PE427968_S4.JPG,"1,199.00",Kitchen & appliances,80288564
http://www.ikea.com/us/en/catalog/products/70288588/,NUTID,"Thermal oven, Stainless steel",http://www.ikea.com/us/en/images/products/nutid-thermal-oven__0456572_PE604178_S4.JPG,799.00,Kitchen & appliances,70288588
http://www.ikea.com/us/en/catalog/products/50288589/,NUTID,"Thermal self-cleaning oven, Stainless steel",http://www.ikea.com/us/en/images/products/nutid-thermal-self-cleaning-oven__0307958_PE427955_S4.JPG,999.00,Kitchen & appliances,50288589
http://www.ikea.com/us/en/catalog/products/00262596/,NYFORS,"Floor/reading lamp, nickel plated",http://www.ikea.com/us/en/images/products/nyfors-floor-reading-lamp__0099653_PE241847_S4.JPG,69.99,Living room,00262596
http://www.ikea.com/us/en/catalog/products/80160481/,NYFORS,"Floor lamp, nickel plated",http://www.ikea.com/us/en/images/products/nyfors-floor-lamp__0099652_PE241846_S4.JPG,79.99,Living room,80160481
http://www.ikea.com/us/en/catalog/products/20285554/,NYKÄR,"Scented block candle, set of 3, garden harvest, red",http://www.ikea.com/us/en/images/products/nykar-scented-block-candle-set-of-red__0397543_PE562911_S4.JPG,4.99,Decoration,20285554
http://www.ikea.com/us/en/catalog/products/70285556/,NYKÄR,"Scented block candle, set of 3, summer fresh, light blue",http://www.ikea.com/us/en/images/products/nykar-scented-block-candle-set-of-blue__0397541_PE562912_S4.JPG,4.99,Decoration,70285556
http://www.ikea.com/us/en/catalog/products/40312877/,NYLLE,"Wall clock, white",http://www.ikea.com/us/en/images/products/nylle-wall-clock-white__0398674_PE563636_S4.JPG,9.99,Decoration,40312877
http://www.ikea.com/us/en/catalog/products/10238252/,NYMÖ,"Lamp shade, white",http://www.ikea.com/us/en/images/products/nymo-lamp-shade-white__0208558_PE362402_S4.JPG,29.99,Living room,10238252
http://www.ikea.com/us/en/catalog/products/30238251/,NYMÖ,"Lamp shade, white",http://www.ikea.com/us/en/images/products/nymo-lamp-shade-white__0208556_PE362498_S4.JPG,16.99,Living room,30238251
http://www.ikea.com/us/en/catalog/products/10281410/,NYMÖ,"Lamp shade, black, copper color",http://www.ikea.com/us/en/images/products/nymo-lamp-shade-black__0275908_PE414013_S4.JPG,14.99,Living room,10281410
http://www.ikea.com/us/en/catalog/products/30281414/,NYMÖ,"Lamp shade, black, copper color",http://www.ikea.com/us/en/images/products/nymo-lamp-shade-black__0275917_PE414016_S4.JPG,34.99,Living room,30281414
http://www.ikea.com/us/en/catalog/products/70281412/,NYMÖ,"Lamp shade, black, copper color",http://www.ikea.com/us/en/images/products/nymo-lamp-shade-black__0275911_PE414015_S4.JPG,24.99,Living room,70281412
http://www.ikea.com/us/en/catalog/products/40297933/,NYMÖ,"Lamp shade, white, copper color",http://www.ikea.com/us/en/images/products/nymo-lamp-shade-white__0316167_PE516612_S4.JPG,24.99,Living room,40297933
http://www.ikea.com/us/en/catalog/products/80297931/,NYMÖ,"Lamp shade, white, copper color",http://www.ikea.com/us/en/images/products/nymo-lamp-shade-white__0316162_PE533974_S4.JPG,14.99,Living room,80297931
http://www.ikea.com/us/en/catalog/products/90297935/,NYMÖ,"Lamp shade, white, copper color",http://www.ikea.com/us/en/images/products/nymo-lamp-shade-white__0316170_PE516611_S4.JPG,34.99,Living room,90297935
http://www.ikea.com/us/en/catalog/products/00256492/,NYMÖ,"Pendant lamp shade, white",http://www.ikea.com/us/en/images/products/nymo-pendant-lamp-shade-white__0208559_PE362405_S4.JPG,39.99,Living room,00256492
http://www.ikea.com/us/en/catalog/products/00229998/,NYPONROS,"Duvet cover and pillowcase(s), gray",http://www.ikea.com/us/en/images/products/nyponros-duvet-cover-and-pillowcase-s-gray__0409553_PE569850_S4.JPG,29.99,Bedroom,00229998
http://www.ikea.com/us/en/catalog/products/60230022/,NYPONROS,"Duvet cover and pillowcase(s), yellow",http://www.ikea.com/us/en/images/products/nyponros-duvet-cover-and-pillowcase-s-yellow__0409504_PE569801_S4.JPG,29.99,Bedroom,60230022
http://www.ikea.com/us/en/catalog/products/00189153/,NYPONROS,"Duvet cover and pillowcase(s), white/blue",http://www.ikea.com/us/en/images/products/nyponros-duvet-cover-and-pillowcase-s-assorted-colors__0409520_PE569817_S4.JPG,29.99,Bedroom,00189153
http://www.ikea.com/us/en/catalog/products/80290675/,NYTTIG,Cooktop to drawer separator,http://www.ikea.com/us/en/images/products/nyttig-cooktop-to-drawer-separator__0281901_PE420029_S4.JPG,5.00,Kitchen & appliances,80290675
http://www.ikea.com/us/en/catalog/products/60290676/,NYTTIG,Filler piece/stove separator,http://www.ikea.com/us/en/images/products/nyttig-filler-piece-stove-separator__0281897_PE420028_S4.JPG,5.00,Kitchen & appliances,60290676
http://www.ikea.com/us/en/catalog/products/30282239/,NYTTIG,Filler piece for hood,http://www.ikea.com/us/en/images/products/nyttig-filler-piece-for-hood__0311190_PE429331_S4.JPG,5.00,Kitchen & appliances,30282239
http://www.ikea.com/us/en/catalog/products/10282240/,NYTTIG,Filler piece for micro hood,http://www.ikea.com/us/en/images/products/nyttig-filler-piece-for-micro-hood__0311193_PE429330_S4.JPG,10.00,Kitchen & appliances,10282240
http://www.ikea.com/us/en/catalog/products/20264603/,NYVAKEN,"Pair of curtains, pink",http://www.ikea.com/us/en/images/products/nyvaken-pair-of-curtains-pink__0214123_PE369825_S4.JPG,19.99,Children's IKEA,20264603
