http://www.ikea.com/us/en/catalog/products/70209336/,OANVÄND,"Beer glass, clear glass",http://www.ikea.com/us/en/images/products/oanvand-beer-glass__0175566_PE328853_S4.JPG,1.99,Eating,70209336
http://www.ikea.com/us/en/catalog/products/50254867/,OBEROENDE,"Ceiling-mounted extractor hood, Stainless steel, glass",http://www.ikea.com/us/en/images/products/oberoende-ceiling-mounted-extractor-hood__0206215_PE360300_S4.JPG,899.00,Kitchen & appliances,50254867
http://www.ikea.com/us/en/catalog/products/20312492/,OBSERVATÖR,"Clip-on basket, gray-brown",http://www.ikea.com/us/en/images/products/observator-clip-on-basket-brown__0389202_PE560480_S4.JPG,3.00,Living room,20312492
http://www.ikea.com/us/en/catalog/products/90311069/,OBSERVATÖR,"Clip-on basket, white",http://www.ikea.com/us/en/images/products/observator-clip-on-basket-white__0389203_PE560481_S4.JPG,3.00,Living room,90311069
http://www.ikea.com/us/en/catalog/products/87749600/,OBSERVATÖR,"Cross-brace, galvanized",http://www.ikea.com/us/en/images/products/observator-cross-brace__20200_PE091016_S4.JPG,5.00,Living room,87749600
http://www.ikea.com/us/en/catalog/products/90120574/,ODDA,"Wardrobe, black, white",http://www.ikea.com/us/en/images/products/odda-wardrobe-black__0114151_PE266424_S4.JPG,299.00,Bedroom,90120574
http://www.ikea.com/us/en/catalog/products/30301520/,ODDMUND,"Chair, Isunda gray",http://www.ikea.com/us/en/images/products/oddmund-chair-gray__0406161_PE569309_S4.JPG,179.00,Dining,30301520
http://www.ikea.com/us/en/catalog/products/00327512/,ODDMUND,"Chair, Idhult black",http://www.ikea.com/us/en/images/products/oddmund-chair-black__0406160_PE569308_S4.JPG,199.00,Dining,00327512
http://www.ikea.com/us/en/catalog/products/30324017/,ODELAD,"Paper napkin, leaves black",http://www.ikea.com/us/en/images/products/odelad-paper-napkin-black__0395895_PE566219_S4.JPG,1.99,Eating,30324017
http://www.ikea.com/us/en/catalog/products/40193940/,ODENSVIK,"Sink, 1 bowl",http://www.ikea.com/us/en/images/products/odensvik-sink-bowl__0404837_PE266749_S4.JPG,120.00,Bathroom,40193940
http://www.ikea.com/us/en/catalog/products/30148321/,ODENSVIK,"Sink, 2 bowls",http://www.ikea.com/us/en/images/products/odensvik-sink-bowls__0404616_PE236025_S4.JPG,170.00,Bathroom,30148321
http://www.ikea.com/us/en/catalog/products/50288546/,ODLA,"Growing media, clay pellets",http://www.ikea.com/us/en/images/products/odla-growing-media__0255344_PE399442_S4.JPG,5.99,Outdoor,50288546
http://www.ikea.com/us/en/catalog/products/10137936/,OFELIA BLAD,"Cushion, white",http://www.ikea.com/us/en/images/products/ofelia-blad-cushion-white__80034_PE204183_S4.JPG,14.99,Living room,10137936
http://www.ikea.com/us/en/catalog/products/60131593/,OFELIA,"Blanket, white",http://www.ikea.com/us/en/images/products/ofelia-blanket-white__0251009_PE389606_S4.JPG,19.99,Bedroom,60131593
http://www.ikea.com/us/en/catalog/products/30139623/,OFELIA,"Throw, white",http://www.ikea.com/us/en/images/products/ofelia-throw-white__80036_PE204185_S4.JPG,29.99,Living room,30139623
http://www.ikea.com/us/en/catalog/products/00257514/,OFELIA,"Throw, gray",http://www.ikea.com/us/en/images/products/ofelia-throw-gray__0191188_PE345221_S4.JPG,29.99,Living room,00257514
http://www.ikea.com/us/en/catalog/products/00133024/,OFELIA VASS,"Duvet cover and pillowcase(s), white",http://www.ikea.com/us/en/images/products/ofelia-vass-duvet-cover-and-pillowcase-s-white__0409506_PE569803_S4.JPG,49.99,Bedroom,00133024
http://www.ikea.com/us/en/catalog/products/30236247/,OFFENTLIG,"Tray, patterned multicolor",http://www.ikea.com/us/en/images/products/offentlig-tray-assorted-colors__0246657_PE385579_S4.JPG,9.99,Eating,30236247
http://www.ikea.com/us/en/catalog/products/70277660/,OFTA,"Unscented candle, turquoise",http://www.ikea.com/us/en/images/products/ofta-unscented-candle-turquoise__0270400_PE408320_S4.JPG,3.99,Decoration,70277660
http://www.ikea.com/us/en/catalog/products/90277659/,OFTA,"Unscented candle, purple",http://www.ikea.com/us/en/images/products/ofta-unscented-candle-blue__0270399_PE408321_S4.JPG,3.99,Decoration,90277659
http://www.ikea.com/us/en/catalog/products/90277664/,OFTA,"Unscented candle, green",http://www.ikea.com/us/en/images/products/ofta-unscented-candle-green__0270398_PE408319_S4.JPG,3.99,Decoration,90277664
http://www.ikea.com/us/en/catalog/products/60190846/,OLEBY,"Wine cooler, silver color",http://www.ikea.com/us/en/images/products/oleby-wine-cooler__0169309_PE318054_S4.JPG,9.99,Eating,60190846
http://www.ikea.com/us/en/catalog/products/20299631/,OLIVTRÄD,"Bedspread/blanket, blue",http://www.ikea.com/us/en/images/products/olivtrad-bedspread-blanket-blue__0418982_PE575969_S4.JPG,12.99,Children's IKEA,20299631
http://www.ikea.com/us/en/catalog/products/00238304/,OLLSTA,"Lamp shade, beige",http://www.ikea.com/us/en/images/products/ollsta-lamp-shade-beige__0316175_PE516610_S4.JPG,7.99,Living room,00238304
http://www.ikea.com/us/en/catalog/products/50238311/,OLLSTA,"Lamp shade, dark red",http://www.ikea.com/us/en/images/products/ollsta-lamp-shade-red__0316178_PE516608_S4.JPG,12.99,Living room,50238311
http://www.ikea.com/us/en/catalog/products/80219033/,OLSKÄR,"Bath faucet, chrome plated",http://www.ikea.com/us/en/images/products/olskar-bath-faucet__0404531_PE289642_S4.JPG,24.99,Bathroom,80219033
http://www.ikea.com/us/en/catalog/products/20250700/,OLTEDAL,"Nightstand, black-brown",http://www.ikea.com/us/en/images/products/oltedal-nightstand-brown__0173410_PE327626_S4.JPG,29.99,Bedroom,20250700
http://www.ikea.com/us/en/catalog/products/S69829083/,OMAR,1 shelf section,http://www.ikea.com/us/en/images/products/omar-shelf-section__55258_PE160269_S4.JPG,49.98,Secondary storage,69829083
http://www.ikea.com/us/en/catalog/products/S19829090/,OMAR,1 shelf section,http://www.ikea.com/us/en/images/products/omar-shelf-section__55257_PE160268_S4.JPG,37.98,Secondary storage,19829090
http://www.ikea.com/us/en/catalog/products/S39829089/,OMAR,2 shelf sections,http://www.ikea.com/us/en/images/products/omar-shelf-sections__61580_PE167972_S4.JPG,99.96,Secondary storage,39829089
http://www.ikea.com/us/en/catalog/products/S59829088/,OMAR,2 shelf sections,http://www.ikea.com/us/en/images/products/omar-shelf-sections__55262_PE160274_S4.JPG,87.96,Secondary storage,59829088
http://www.ikea.com/us/en/catalog/products/30069762/,OMAR,"Bottle shelf, galvanized",http://www.ikea.com/us/en/images/products/omar-bottle-shelf__30463_PE118907_S4.JPG,29.99,Secondary storage,30069762
http://www.ikea.com/us/en/catalog/products/S49829084/,OMAR,Bottle shelf,http://www.ikea.com/us/en/images/products/omar-bottle-shelf__55261_PE160273_S4.JPG,59.98,Secondary storage,49829084
http://www.ikea.com/us/en/catalog/products/00069768/,OMAR,"Shelving unit, galvanized",http://www.ikea.com/us/en/images/products/omar-shelving-unit__37958_PE129927_S4.JPG,18.99,Secondary storage,00069768
http://www.ikea.com/us/en/catalog/products/10268588/,OMFATTANDE,"Beer glass, clear glass",http://www.ikea.com/us/en/images/products/omfattande-beer-glass__0208921_PE362635_S4.JPG,5.99,Eating,10268588
http://www.ikea.com/us/en/catalog/products/10290966/,OMLOPP,"LED countertop light, aluminum color",http://www.ikea.com/us/en/images/products/omlopp-led-countertop-light-gray__0372808_PE551888_S4.JPG,34.99,Kitchen & appliances,10290966
http://www.ikea.com/us/en/catalog/products/40295726/,OMLOPP,"LED countertop light, white",http://www.ikea.com/us/en/images/products/omlopp-led-countertop-light-white__0369487_PE550933_S4.JPG,34.99,Kitchen & appliances,40295726
http://www.ikea.com/us/en/catalog/products/80288347/,OMLOPP,"LED light strip for drawers, aluminum color",http://www.ikea.com/us/en/images/products/omlopp-led-light-strip-for-drawers-gray__0369405_PE550940_S4.JPG,29.99,Kitchen & appliances,80288347
http://www.ikea.com/us/en/catalog/products/00064662/,OMSORG,"Shoehorn, assorted colors",http://www.ikea.com/us/en/images/products/omsorg-shoehorn-assorted-colors__23917_PE108695_S4.JPG,0.99,Hallway,00064662
http://www.ikea.com/us/en/catalog/products/60037538/,OMSORG,"Shoe tree, large, 1 pair, assorted colors",http://www.ikea.com/us/en/images/products/omsorg-shoe-tree-large-pair-assorted-colors__07723_PE084445_S4.JPG,0.99,Living room,60037538
http://www.ikea.com/us/en/catalog/products/10280726/,OMTALAD,"Scented candle in glass, white Silky musk, white",http://www.ikea.com/us/en/images/products/omtalad-scented-candle-in-glass-white__0270402_PE415610_S4.JPG,0.79,Decoration,10280726
http://www.ikea.com/us/en/catalog/products/70223530/,OMTYCKT,"Place mat, red",http://www.ikea.com/us/en/images/products/omtyckt-place-mat-red__0138265_PE297420_S4.JPG,2.99,Textiles & Rugs,70223530
http://www.ikea.com/us/en/catalog/products/00237842/,OMVÄXLANDE,"Tray, turquoise",http://www.ikea.com/us/en/images/products/omvaxlande-tray-turquoise__0153829_PE312287_S4.JPG,12.99,Eating,00237842
http://www.ikea.com/us/en/catalog/products/40211265/,ONSJÖ,"LED chandelier, chrome plated",http://www.ikea.com/us/en/images/products/onsjo-led-chandelier__0138773_PE298599_S4.JPG,59.99,Living room,40211265
http://www.ikea.com/us/en/catalog/products/10292263/,OPLEV,"Door mat, indoor/outdoor black",http://www.ikea.com/us/en/images/products/oplev-door-mat-black__0306974_PE427388_S4.JPG,8.99,Textiles & Rugs,10292263
http://www.ikea.com/us/en/catalog/products/30308994/,OPLEV,"Door mat, indoor/outdoor gray",http://www.ikea.com/us/en/images/products/oplev-door-mat-gray__0341519_PE530625_S4.JPG,8.99,Outdoor,30308994
http://www.ikea.com/us/en/catalog/products/90322671/,OPLEV,"Door mat, indoor/outdoor, blue",http://www.ikea.com/us/en/images/products/oplev-door-mat-blue__0393322_PE562037_S4.JPG,7.99,Textiles & Rugs,90322671
http://www.ikea.com/us/en/catalog/products/S99047230/,OPPEBY/BACKARYD / TOBIAS,"Table and 6 chairs, white, chrome plated clear",http://www.ikea.com/us/en/images/products/oppeby-backaryd-tobias-table-and-chairs-white__0311750_PE429483_S4.JPG,643.00,Dining,99047230
http://www.ikea.com/us/en/catalog/products/S39088092/,OPPEBY/OPPMANNA / BERNHARD,"Table and 6 chairs, dark brown/gray, Kavat dark brown",http://www.ikea.com/us/en/images/products/oppeby-oppmanna-bernhard-table-and-chairs-brown__0322809_PE516306_S4.JPG,"1,283.00",Dining,39088092
http://www.ikea.com/us/en/catalog/products/S29131623/,OPPEBY/OPPMANNA / JANINGE,"Table and 6 chairs, high gloss white, gray",http://www.ikea.com/us/en/images/products/oppeby-oppmanna-janinge-table-and-chairs-white__0392238_PE560318_S4.JPG,743.00,Dining,29131623
http://www.ikea.com/us/en/catalog/products/S69167158/,OPPEBY,"Table, white, Backaryd orange",http://www.ikea.com/us/en/images/products/oppeby-table-white__0435506_PE589121_S4.JPG,169.00,Dining,69167158
http://www.ikea.com/us/en/catalog/products/S19040355/,OPPEBY,"Table, dark brown white, Backaryd dark brown white",http://www.ikea.com/us/en/images/products/oppeby-table-white__0340239_PE527615_S4.JPG,169.00,Dining,19040355
http://www.ikea.com/us/en/catalog/products/00279436/,OPPEBY,"Table top, high gloss white",http://www.ikea.com/us/en/images/products/oppeby-table-top-white__0313540_PE516753_S4.JPG,129.00,Dining,00279436
http://www.ikea.com/us/en/catalog/products/80281505/,OPPEBY,"Table top, dark brown",http://www.ikea.com/us/en/images/products/oppeby-table-top-brown__0313538_PE514147_S4.JPG,129.00,Dining,80281505
http://www.ikea.com/us/en/catalog/products/20279440/,OPPMANNA,"Underframe, gray",http://www.ikea.com/us/en/images/products/oppmanna-underframe-gray__0286672_PE423211_S4.JPG,200.00,Dining,20279440
http://www.ikea.com/us/en/catalog/products/20174594/,ORÄDD,"Plant pot, beige indoor/outdoor, beige",http://www.ikea.com/us/en/images/products/oradd-plant-pot-beige__0108864_PE258535_S4.JPG,0.49,Decoration,20174594
http://www.ikea.com/us/en/catalog/products/70295428/,ORDENTLIG,"Coaster, turquoise, lilac orange",http://www.ikea.com/us/en/images/products/ordentlig-coaster-turquoise__0350939_PE535750_S4.JPG,2.99,Textiles & Rugs,70295428
http://www.ikea.com/us/en/catalog/products/10284772/,ORDENTLIG,"Place mat, lilac",http://www.ikea.com/us/en/images/products/ordentlig-place-mat-lilac__0312319_PE429717_S4.JPG,2.99,Textiles & Rugs,10284772
http://www.ikea.com/us/en/catalog/products/30284771/,ORDENTLIG,"Place mat, turquoise",http://www.ikea.com/us/en/images/products/ordentlig-place-mat-turquoise__0312323_PE429719_S4.JPG,2.99,Textiles & Rugs,30284771
http://www.ikea.com/us/en/catalog/products/00175231/,ORDENTLIG,"Place mat, black",http://www.ikea.com/us/en/images/products/ordentlig-place-mat-black__0118312_PE273824_S4.JPG,2.99,Textiles & Rugs,00175231
http://www.ikea.com/us/en/catalog/products/10175674/,ORDENTLIG,"Place mat, off-white",http://www.ikea.com/us/en/images/products/ordentlig-place-mat-white__0118568_PE274436_S4.JPG,2.99,Textiles & Rugs,10175674
http://www.ikea.com/us/en/catalog/products/30175673/,ORDENTLIG,"Place mat, gray",http://www.ikea.com/us/en/images/products/ordentlig-place-mat-gray__0118313_PE273825_S4.JPG,2.99,Textiles & Rugs,30175673
http://www.ikea.com/us/en/catalog/products/90011829/,ORDNING,"Colander, stainless steel",http://www.ikea.com/us/en/images/products/ordning-colander__23490_PE065813_S4.JPG,9.99,Cooking,90011829
http://www.ikea.com/us/en/catalog/products/10018194/,ORDNING,"Dish drainer, stainless steel",http://www.ikea.com/us/en/images/products/ordning-dish-drainer__23867_PE098356_S4.JPG,19.99,Cooking,10018194
http://www.ikea.com/us/en/catalog/products/20018198/,ORDNING,"Scale, stainless steel",http://www.ikea.com/us/en/images/products/ordning-scale__18795_PE103960_S4.JPG,24.99,Cooking,20018198
http://www.ikea.com/us/en/catalog/products/30066725/,ORDNING,"Timer, stainless steel",http://www.ikea.com/us/en/images/products/ordning-timer__26134_PE111200_S4.JPG,5.99,Cooking,30066725
http://www.ikea.com/us/en/catalog/products/30131716/,ORDNING,"Utensil holder, stainless steel         5.99",http://www.ikea.com/us/en/images/products/ordning-utensil-holder__0087757_PE217446_S4.JPG,2.99,Cooking,30131716
http://www.ikea.com/us/en/catalog/products/30011832/,ORDNING,"Utensil holder, stainless steel         2.99",http://www.ikea.com/us/en/images/products/ordning-utensil-holder__23278_PE070489_S4.JPG,2.49,Cooking,30011832
http://www.ikea.com/us/en/catalog/products/71756310/,ORE,"Shower curtain rod, white",http://www.ikea.com/us/en/images/products/ore-shower-curtain-rod-white__26923_PE112534_S4.JPG,8.99,Bathroom,71756310
http://www.ikea.com/us/en/catalog/products/10286460/,ORMHASSEL,"Throw, gray",http://www.ikea.com/us/en/images/products/ormhassel-throw-gray__0277610_PE416642_S4.JPG,17.99,Living room,10286460
http://www.ikea.com/us/en/catalog/products/40225413/,ORRNÄS,"Handle, stainless steel stainless steel color",http://www.ikea.com/us/en/images/products/orrnas-handle-gray__0179850_PE332008_S4.JPG,12.99,Living room,40225413
http://www.ikea.com/us/en/catalog/products/30236153/,ORRNÄS,"Knob, stainless steel stainless steel color",http://www.ikea.com/us/en/images/products/orrnas-knob-gray__0179852_PE332009_S4.JPG,3.99,Living room,30236153
http://www.ikea.com/us/en/catalog/products/90322360/,OSTBIT,"Plate holder, bamboo",http://www.ikea.com/us/en/images/products/ostbit-plate-holder__0406313_PE569286_S4.JPG,3.99,Cooking,90322360
http://www.ikea.com/us/en/catalog/products/20271203/,OST BLÅMÖGEL,Blue cheese,http://www.ikea.com/us/en/images/products/ost-blamogel-blue-cheese__0240720_PE380674_S4.JPG,3.59,Food,20271203
http://www.ikea.com/us/en/catalog/products/00280492/,OSTED,"Rug, flatwoven, brown",http://www.ikea.com/us/en/images/products/osted-rug-flatwoven-brown__0243852_PE383158_S4.JPG,39.99,Living room,00280492
http://www.ikea.com/us/en/catalog/products/40280490/,OSTED,"Rug, flatwoven, natural",http://www.ikea.com/us/en/images/products/osted-rug-flatwoven-beige__0243853_PE383157_S4.JPG,39.99,Living room,40280490
http://www.ikea.com/us/en/catalog/products/30280508/,OSTED,"Rug, flatwoven, brown",http://www.ikea.com/us/en/images/products/osted-rug-flatwoven-brown__0243838_PE383163_S4.JPG,149.00,Living room,30280508
http://www.ikea.com/us/en/catalog/products/70280506/,OSTED,"Rug, flatwoven, natural",http://www.ikea.com/us/en/images/products/osted-rug-flatwoven-beige__0243843_PE383161_S4.JPG,149.00,Living room,70280506
http://www.ikea.com/us/en/catalog/products/70235712/,OSTRON,"12-piece flatware set, gray",http://www.ikea.com/us/en/images/products/ostron-piece-flatware-set-gray__0334906_PE527623_S4.JPG,5.99,Eating,70235712
http://www.ikea.com/us/en/catalog/products/70148531/,OTTAVA,"Pendant lamp, aluminum",http://www.ikea.com/us/en/images/products/ottava-pendant-lamp__0093764_PE231357_S4.JPG,34.99,Living room,70148531
http://www.ikea.com/us/en/catalog/products/00257222/,OTTIL,"Cushion cover, gray, multicolor",http://www.ikea.com/us/en/images/products/ottil-cushion-cover-gray__0240505_PE380150_S4.JPG,10.00,Living room,00257222
http://www.ikea.com/us/en/catalog/products/40257220/,OTTIL,"Cushion cover, beige, multicolor",http://www.ikea.com/us/en/images/products/ottil-cushion-cover-assorted-colors__0240503_PE380149_S4.JPG,10.00,Living room,40257220
http://www.ikea.com/us/en/catalog/products/80257218/,OTTIL,"Cushion cover, black, multicolor",http://www.ikea.com/us/en/images/products/ottil-cushion-cover-black__0240504_PE380151_S4.JPG,10.00,Living room,80257218
http://www.ikea.com/us/en/catalog/products/10286969/,ÖLHOLM,"Rug, low pile, gray",http://www.ikea.com/us/en/images/products/olholm-rug-low-pile-gray__0307140_PE427430_S4.JPG,39.99,Living room,10286969
http://www.ikea.com/us/en/catalog/products/20290008/,ÖNSKEDRÖM,"Plastic-coated fabric, square, red/white",http://www.ikea.com/us/en/images/products/onskedrom-plastic-coated-fabric-assorted-colors__0364154_PE547534_S4.JPG,8.99,Living room,20290008
http://www.ikea.com/us/en/catalog/products/30199283/,ÖNSKLIG,"Racks for changing table, set of 4, white",http://www.ikea.com/us/en/images/products/onsklig-racks-for-changing-table-set-of-white__0244226_PE383429_S4.JPG,9.99,Children's IKEA,30199283
http://www.ikea.com/us/en/catalog/products/40137911/,ÖPPEN,"Bowl, clear glass",http://www.ikea.com/us/en/images/products/oppen-bowl__0097629_PE238353_S4.JPG,0.99,Eating,40137911
http://www.ikea.com/us/en/catalog/products/20137912/,ÖPPEN,"Plate, clear glass",http://www.ikea.com/us/en/images/products/oppen-plate__0097630_PE238354_S4.JPG,0.99,Eating,20137912
http://www.ikea.com/us/en/catalog/products/S09139187/,ÖRFJÄLL / SPORREN,"Swivel chair, black",http://www.ikea.com/us/en/images/products/orfjall-sporren-swivel-chair-black__0397750_PE585276_S4.JPG,49.99,Office furniture,09139187
http://www.ikea.com/us/en/catalog/products/10327069/,ÖRFJÄLL,"Junior chair, black, Vissle black",http://www.ikea.com/us/en/images/products/orfjall-junior-chair-black__0406252_PE577749_S4.JPG,39.99,Children's IKEA,10327069
http://www.ikea.com/us/en/catalog/products/10211672/,ÖRSTED,"Rug, high pile, multicolor",http://www.ikea.com/us/en/images/products/orsted-rug-high-pile-assorted-colors__0137802_PE296576_S4.JPG,799.00,Living room,10211672
http://www.ikea.com/us/en/catalog/products/10245573/,ÖRTOFTA,Chandelier,http://www.ikea.com/us/en/images/products/ortofta-chandelier__0288499_PE424273_S4.JPG,129.00,Living room,10245573
http://www.ikea.com/us/en/catalog/products/40312392/,ÖSTANÅ,"Ceiling/wall lamp, white",http://www.ikea.com/us/en/images/products/ostana-ceiling-wall-lamp-white__0412557_PE582257_S4.JPG,17.99,Bathroom,40312392
http://www.ikea.com/us/en/catalog/products/90285819/,ÖSTLIG,"Plant pot, indoor/outdoor, assorted colors",http://www.ikea.com/us/en/images/products/ostlig-plant-pot-assorted-colors__0399129_PE563906_S4.JPG,29.99,Outdoor,90285819
http://www.ikea.com/us/en/catalog/products/40285807/,ÖSTLIG,"Plant pot, indoor/outdoor, assorted colors",http://www.ikea.com/us/en/images/products/ostlig-plant-pot-assorted-colors__0399131_PE563907_S4.JPG,29.99,Decoration,40285807
http://www.ikea.com/us/en/catalog/products/60285811/,ÖSTLIG,"Plant pot, indoor/outdoor, assorted colors",http://www.ikea.com/us/en/images/products/ostlig-plant-pot-assorted-colors__0399127_PE563905_S4.JPG,16.99,Decoration,60285811
http://www.ikea.com/us/en/catalog/products/10297920/,ÖVERUD,"Lamp shade, white, copper color",http://www.ikea.com/us/en/images/products/overud-lamp-shade-white__0316200_PE516596_S4.JPG,51.99,Living room,10297920
http://www.ikea.com/us/en/catalog/products/20287322/,ÖVERUD,"Lamp shade, white",http://www.ikea.com/us/en/images/products/overud-lamp-shade-white__0316199_PE516597_S4.JPG,51.99,Living room,20287322
http://www.ikea.com/us/en/catalog/products/S79140700/,ÖVRARYD,"Table, white bamboo, Backaryd bamboo white",http://www.ikea.com/us/en/images/products/ovraryd-table-white__0436765_PE590352_S4.JPG,119.00,Dining,79140700
http://www.ikea.com/us/en/catalog/products/90305723/,ÖVRARYD,"Table top, bamboo",http://www.ikea.com/us/en/images/products/ovraryd-table-top__0417946_PE574978_S4.JPG,79.00,Dining,90305723
