http://www.ikea.com/us/en/catalog/products/30251394/,VACKERT,"Decoration for candle in glass, dotted",http://www.ikea.com/us/en/images/products/vackert-decoration-for-candle-in-glass__0229962_PE375357_S4.JPG,2.00,Decoration,30251394
http://www.ikea.com/us/en/catalog/products/50251393/,VACKERT,"Decoration for candle in glass, dotted",http://www.ikea.com/us/en/images/products/vackert-decoration-for-candle-in-glass__0229988_PE375366_S4.JPG,3.00,Decoration,50251393
http://www.ikea.com/us/en/catalog/products/00281279/,VACKERT,"Decoration for candle in glass, stripe",http://www.ikea.com/us/en/images/products/vackert-decoration-for-candle-in-glass__0239571_PE379157_S4.JPG,2.00,Decoration,00281279
http://www.ikea.com/us/en/catalog/products/30281287/,VACKERT,"Decoration for candle in glass, stripe",http://www.ikea.com/us/en/images/products/vackert-decoration-for-candle-in-glass__0239575_PE379160_S4.JPG,3.00,Decoration,30281287
http://www.ikea.com/us/en/catalog/products/80196593/,VÄCKIS,"Alarm clock, white",http://www.ikea.com/us/en/images/products/vackis-alarm-clock-white__0118873_PE274917_S4.JPG,0.99,Decoration,80196593
http://www.ikea.com/us/en/catalog/products/S59129987/,VÄDDÖ / VÄSTERÖN,"Table+2 benches, outdoor, white, orange",http://www.ikea.com/us/en/images/products/vaddo-vasteron-table-benches-outdoor-white__0399293_PE565923_S4.JPG,118.98,Outdoor,59129987
http://www.ikea.com/us/en/catalog/products/S09133072/,VÄDDÖ / VÄSTERÖN,"Table and 2 stools, outdoor, white, orange",http://www.ikea.com/us/en/images/products/vaddo-vasteron-table-and-stools-outdoor-white__0399295_PE565925_S4.JPG,68.98,Outdoor,09133072
http://www.ikea.com/us/en/catalog/products/20267220/,VÄGGIS,"Noticeboard, white",http://www.ikea.com/us/en/images/products/vaggis-noticeboard-white__0240400_PE380053_S4.JPG,5.99,Office furniture,20267220
http://www.ikea.com/us/en/catalog/products/60302368/,VÅGLIG,Connecting rail for fronts,http://www.ikea.com/us/en/images/products/vaglig-connecting-rail-for-fronts__0309796_PE428688_S4.JPG,19.99,Kitchen & appliances,60302368
http://www.ikea.com/us/en/catalog/products/60240318/,VÅGRÄT,"Tea infuser, assorted colors pink, yellow",http://www.ikea.com/us/en/images/products/vagrat-tea-infuser-assorted-colors__0184558_PE336242_S4.JPG,3.99,Eating,60240318
http://www.ikea.com/us/en/catalog/products/S89006683/,VÅGSBERG / SPORREN,"Swivel chair, white",http://www.ikea.com/us/en/images/products/vagsberg-sporren-swivel-chair-white__0301538_PE426752_S4.JPG,49.99,Office furniture,89006683
http://www.ikea.com/us/en/catalog/products/10187771/,VAKEN,"Glass, clear",http://www.ikea.com/us/en/images/products/vaken-glass-white__0086926_PE215887_S4.JPG,4.99,Eating,10187771
http://www.ikea.com/us/en/catalog/products/70296625/,VÄLBEKANT,"Clipboard, black",http://www.ikea.com/us/en/images/products/valbekant-clipboard-black__0359692_PE546580_S4.JPG,4.99,Decoration,70296625
http://www.ikea.com/us/en/catalog/products/40250780/,VÄLBEKANT,"Notebook, natural",http://www.ikea.com/us/en/images/products/valbekant-notebook-beige__0210868_PE364625_S4.JPG,0.99,Decoration,40250780
http://www.ikea.com/us/en/catalog/products/10267579/,VÄLBEKANT,"Paper clips, assorted designs, silver color",http://www.ikea.com/us/en/images/products/valbekant-paper-clips__0210406_PE363817_S4.JPG,3.99,Decoration,10267579
http://www.ikea.com/us/en/catalog/products/30267578/,VÄLBEKANT,"Paper clips, assorted designs, assorted colors",http://www.ikea.com/us/en/images/products/valbekant-paper-clips-assorted-colors__0210409_PE363818_S4.JPG,3.99,Decoration,30267578
http://www.ikea.com/us/en/catalog/products/00322029/,VALBY RUTA,"Rug, low pile, multicolor",http://www.ikea.com/us/en/images/products/valby-ruta-rug-low-pile-assorted-colors__0410652_PE573172_S4.JPG,49.99,Living room,00322029
http://www.ikea.com/us/en/catalog/products/60306941/,VALLHALL,"Wall lamp, 4-spots, nickel plated",http://www.ikea.com/us/en/images/products/vallhall-wall-lamp-spots__0368611_PE551163_S4.JPG,39.99,Living room,60306941
http://www.ikea.com/us/en/catalog/products/00314996/,VÄLLINGBY,"Cushion, Edum light pink",http://www.ikea.com/us/en/images/products/vallingby-cushion-pink__0400919_PE565078_S4.JPG,7.99,Living room,00314996
http://www.ikea.com/us/en/catalog/products/70314993/,VÄLLINGBY,"Cushion, Edum light blue",http://www.ikea.com/us/en/images/products/vallingby-cushion-blue__0400942_PE565076_S4.JPG,7.99,Living room,70314993
http://www.ikea.com/us/en/catalog/products/80315001/,VÄLLINGBY,"Cushion, Edum green-yellow",http://www.ikea.com/us/en/images/products/vallingby-cushion-yellow__0400886_PE565080_S4.JPG,7.99,Living room,80315001
http://www.ikea.com/us/en/catalog/products/80306940/,VALLMORA,"Wall lamp, 3-spots, nickel plated",http://www.ikea.com/us/en/images/products/vallmora-wall-lamp-spots__0367798_PE549407_S4.JPG,29.99,Living room,80306940
http://www.ikea.com/us/en/catalog/products/20308471/,VALLÖBY,"Rug, low pile, beige, blue",http://www.ikea.com/us/en/images/products/valloby-rug-low-pile-beige__0428157_PE583375_S4.JPG,29.99,Living room,20308471
http://www.ikea.com/us/en/catalog/products/40328091/,VALLÖBY,"Rug, low pile, beige, blue",http://www.ikea.com/us/en/images/products/valloby-rug-low-pile-beige__0428153_PE583374_S4.JPG,129.00,Living room,40328091
http://www.ikea.com/us/en/catalog/products/80243151/,VANADIN,"Pendant lamp, white",http://www.ikea.com/us/en/images/products/vanadin-pendant-lamp-white__0181607_PE333390_S4.JPG,19.99,Living room,80243151
http://www.ikea.com/us/en/catalog/products/10131699/,VÄNLIG,"Pitcher, clear glass",http://www.ikea.com/us/en/images/products/vanlig-pitcher__0086903_PE215861_S4.JPG,4.99,Eating,10131699
http://www.ikea.com/us/en/catalog/products/00236319/,VARAKTIG,"Scented block candle, light gray Vanilla rose, light gray",http://www.ikea.com/us/en/images/products/varaktig-scented-block-candle-gray__0239624_PE379194_S4.JPG,3.99,Decoration,00236319
http://www.ikea.com/us/en/catalog/products/20287713/,VÅRÄRT,"Duvet cover and pillowcase(s), beige",http://www.ikea.com/us/en/images/products/varart-duvet-cover-and-pillowcase-s-beige__0409496_PE569793_S4.JPG,29.99,Bedroom,20287713
http://www.ikea.com/us/en/catalog/products/10291923/,VARDAGEN,"Carafe with lid, clear glass",http://www.ikea.com/us/en/images/products/vardagen-carafe-with-lid__0395852_PE574712_S4.JPG,1.99,Eating,10291923
http://www.ikea.com/us/en/catalog/products/90311856/,VARDAGEN - FIND IT! PART 2,Book,http://www.ikea.com/us/en/images/products/vardagen-find-it-part-book__0409046_PE582635_S4.JPG,9.99,IKEA FAMILY products,90311856
http://www.ikea.com/us/en/catalog/products/70313106/,VARDAGEN,"Glass, clear glass",http://www.ikea.com/us/en/images/products/vardagen-glass__0417219_PE586299_S4.JPG,5.99,Eating,70313106
http://www.ikea.com/us/en/catalog/products/40291926/,VARDAGEN,"Jar with lid, clear glass",http://www.ikea.com/us/en/images/products/vardagen-jar-with-lid__0396842_PE580603_S4.JPG,1.99,Small storage,40291926
http://www.ikea.com/us/en/catalog/products/00291928/,VARDAGEN,"Jar with lid, clear glass",http://www.ikea.com/us/en/images/products/vardagen-jar-with-lid__0396844_PE580602_S4.JPG,4.99,Small storage,00291928
http://www.ikea.com/us/en/catalog/products/60291930/,VARDAGEN,"Jar with lid, clear glass",http://www.ikea.com/us/en/images/products/vardagen-jar-with-lid__0416951_PE580597_S4.JPG,4.99,Small storage,60291930
http://www.ikea.com/us/en/catalog/products/90292377/,VARDAGEN,"Napkin, beige",http://www.ikea.com/us/en/images/products/vardagen-napkin-beige__0395914_PE566218_S4.JPG,3.99,Eating,90292377
http://www.ikea.com/us/en/catalog/products/60287829/,VARDAGEN,"Tablecloth, beige",http://www.ikea.com/us/en/images/products/vardagen-tablecloth-beige__0396003_PE566213_S4.JPG,19.99,Textiles & Rugs,60287829
http://www.ikea.com/us/en/catalog/products/20287831/,VARDAGEN,"Tablecloth, beige",http://www.ikea.com/us/en/images/products/vardagen-tablecloth-beige__0395998_PE566214_S4.JPG,16.99,Textiles & Rugs,20287831
http://www.ikea.com/us/en/catalog/products/30286746/,VÄRDESÄTTA,"Pressure cooker, stainless steel",http://www.ikea.com/us/en/images/products/vardesatta-pressure-cooker__0277629_PE416648_S4.JPG,39.99,"",30286746
http://www.ikea.com/us/en/catalog/products/90286748/,VÄRDESÄTTA,"Pressure cooker, stainless steel",http://www.ikea.com/us/en/images/products/vardesatta-pressure-cooker__0277631_PE416647_S4.JPG,49.99,"",90286748
http://www.ikea.com/us/en/catalog/products/00222671/,VARDÖ,"Underbed storage box, white",http://www.ikea.com/us/en/images/products/vardo-underbed-storage-box-white__0149299_PE308128_S4.JPG,29.99,Bedroom,00222671
http://www.ikea.com/us/en/catalog/products/90284669/,VARGÖN,"Handle, stainless steel color",http://www.ikea.com/us/en/images/products/vargon-handle-gray__0271103_PE412820_S4.JPG,29.99,Living room,90284669
http://www.ikea.com/us/en/catalog/products/80278391/,VARIERA,"Box, white",http://www.ikea.com/us/en/images/products/variera-box-white__0285122_PE422214_S4.JPG,10.99,Kitchen & appliances,80278391
http://www.ikea.com/us/en/catalog/products/50263522/,VARIERA,"Box, assorted colors",http://www.ikea.com/us/en/images/products/variera-box-assorted-colors__0260470_PE404449_S4.JPG,2.99,Kitchen & appliances,50263522
http://www.ikea.com/us/en/catalog/products/20243856/,VARNHEM,"Handle, stainless steel color",http://www.ikea.com/us/en/images/products/varnhem-handle-gray__0185816_PE337893_S4.JPG,9.99,Living room,20243856
http://www.ikea.com/us/en/catalog/products/80243858/,VARNHEM,"Knob, stainless steel color",http://www.ikea.com/us/en/images/products/varnhem-knob-gray__0185820_PE337895_S4.JPG,5.99,Living room,80243858
http://www.ikea.com/us/en/catalog/products/30226465/,VARPAN,"3-piece bathroom set, white",http://www.ikea.com/us/en/images/products/varpan-piece-bathroom-set-white__0181539_PE333359_S4.JPG,2.99,Bathroom,30226465
http://www.ikea.com/us/en/catalog/products/60259261/,VÅRSKÖNA,"Panel curtain, white",http://www.ikea.com/us/en/images/products/varskona-panel-curtain-white__0204389_PE359463_S4.JPG,16.99,Living room,60259261
http://www.ikea.com/us/en/catalog/products/70304041/,VARV,Floor lamp base w/wireless charging,http://www.ikea.com/us/en/images/products/varv-floor-lamp-base-w-wireless-charging__0372542_PE552910_S4.JPG,84.99,Living room,70304041
http://www.ikea.com/us/en/catalog/products/10233377/,VÅRVIND,"Vase, set of 2, clear glass",http://www.ikea.com/us/en/images/products/varvind-vase-set-of-__0345898_PE533959_S4.JPG,3.99,Decoration,10233377
http://www.ikea.com/us/en/catalog/products/30313090/,VÅRVIND,"Vase, set of 2, assorted colors",http://www.ikea.com/us/en/images/products/varvind-vase-set-of-assorted-colors__0397181_PE562948_S4.JPG,3.99,Decoration,30313090
http://www.ikea.com/us/en/catalog/products/60311283/,VÅRVIND,"Vase, brown",http://www.ikea.com/us/en/images/products/varvind-vase-brown__0398100_PE564123_S4.JPG,9.99,Decoration,60311283
http://www.ikea.com/us/en/catalog/products/40311284/,VÅRVIND,"Vase, brown",http://www.ikea.com/us/en/images/products/varvind-vase-brown__0398101_PE564124_S4.JPG,19.99,Decoration,40311284
http://www.ikea.com/us/en/catalog/products/00304049/,VARV,Table lamp base w/wireless charging,http://www.ikea.com/us/en/images/products/varv-table-lamp-base-w-wireless-charging__0372545_PE552911_S4.JPG,64.99,Living room,00304049
http://www.ikea.com/us/en/catalog/products/00217194/,VÄSENTLIG,"Finials, 1 pair, white",http://www.ikea.com/us/en/images/products/vasentlig-finials-pair-white__0139757_PE299587_S4.JPG,4.99,Living room,00217194
http://www.ikea.com/us/en/catalog/products/00017133/,VASEN,"Vase, clear glass",http://www.ikea.com/us/en/images/products/vasen-vase__0155488_PE238363_S4.JPG,1.79,Decoration,00017133
http://www.ikea.com/us/en/catalog/products/60259096/,VÄSNAS,"Tealight holder, clear glass",http://www.ikea.com/us/en/images/products/vasnas-tealight-holder__0368127_PE549844_S4.JPG,0.49,Decoration,60259096
http://www.ikea.com/us/en/catalog/products/70279447/,VÄSTANÅ,"Underframe, dark brown",http://www.ikea.com/us/en/images/products/vastana-underframe-brown__0313543_PE514315_S4.JPG,200.00,Dining,70279447
http://www.ikea.com/us/en/catalog/products/S49103186/,VÄSTANBY/VÄSTANÅ / BERNHARD,"Table and 4 chairs, dark brown, Kavat white",http://www.ikea.com/us/en/images/products/vastanby-vastana-bernhard-table-and-chairs-white__0341906_PE530567_S4.JPG,"1,035.00",Dining,49103186
http://www.ikea.com/us/en/catalog/products/S69130612/,VÄSTANBY/VÄSTANÅ / LEIFARNE,"Table and 4 chairs, dark brown, white",http://www.ikea.com/us/en/images/products/vastanby-vastana-leifarne-table-and-chairs-white__0392251_PE560315_S4.JPG,535.00,Dining,69130612
http://www.ikea.com/us/en/catalog/products/S99167190/,VÄSTANBY,"Table, dark brown, Oppmanna gray",http://www.ikea.com/us/en/images/products/vastanby-table-gray__0436824_PE590402_S4.JPG,399.00,Dining,99167190
http://www.ikea.com/us/en/catalog/products/30279449/,VÄSTANBY,"Table top, dark brown",http://www.ikea.com/us/en/images/products/vastanby-table-top-brown__0311748_PE429484_S4.JPG,199.00,Dining,30279449
http://www.ikea.com/us/en/catalog/products/40307951/,VÄSTERÖN,"Bench, in/outdoor, orange",http://www.ikea.com/us/en/images/products/vasteron-bench-in-outdoor-orange__0399306_PE570390_S4.JPG,24.99,Outdoor,40307951
http://www.ikea.com/us/en/catalog/products/50307955/,VÄSTERÖN,"Stool, indoor/outdoor, orange",http://www.ikea.com/us/en/images/products/vasteron-stool-indoor-outdoor-orange__0399339_PE570308_S4.JPG,9.99,Outdoor,50307955
http://www.ikea.com/us/en/catalog/products/20239595/,VATTENTÄT,"Kettle, stainless steel, black         19.99",http://www.ikea.com/us/en/images/products/vattentat-kettle-black__0169257_PE323125_S4.JPG,12.99,Eating,20239595
http://www.ikea.com/us/en/catalog/products/40256621/,VÄXBO,"Collage frame for 8 photos, white",http://www.ikea.com/us/en/images/products/vaxbo-collage-frame-for-photos-white__0269941_PE407846_S4.JPG,9.99,Decoration,40256621
http://www.ikea.com/us/en/catalog/products/00136678/,VEJMON,"Coffee table, birch veneer",http://www.ikea.com/us/en/images/products/vejmon-coffee-table__0089490_PE221831_S4.JPG,149.00,Living room,00136678
http://www.ikea.com/us/en/catalog/products/80136679/,VEJMON,"Side table, birch veneer",http://www.ikea.com/us/en/images/products/vejmon-side-table__0089491_PE221832_S4.JPG,99.99,Living room,80136679
http://www.ikea.com/us/en/catalog/products/10312317/,VERKTYG,"Wall clock, metal beige",http://www.ikea.com/us/en/images/products/verktyg-wall-clock-beige__0398662_PE563424_S4.JPG,9.99,Decoration,10312317
http://www.ikea.com/us/en/catalog/products/70064885/,VESSLA,"Lid, white",http://www.ikea.com/us/en/images/products/vessla-lid-white__23397_PE104625_S4.JPG,2.00,Children's IKEA,70064885
http://www.ikea.com/us/en/catalog/products/80098516/,VESSLA,"Storage crate with casters, blue",http://www.ikea.com/us/en/images/products/vessla-storage-crate-with-casters-blue__51638_PE151548_S4.JPG,5.99,Children's IKEA,80098516
http://www.ikea.com/us/en/catalog/products/00222628/,VETTRE,"Nightstand, turquoise",http://www.ikea.com/us/en/images/products/vettre-nightstand-turquoise__0170824_PE324869_S4.JPG,49.99,Bedroom,00222628
http://www.ikea.com/us/en/catalog/products/10309206/,VIDJA,"Floor lamp, white",http://www.ikea.com/us/en/images/products/vidja-floor-lamp-white__0139947_PE299766_S4.JPG,49.99,Living room,10309206
http://www.ikea.com/us/en/catalog/products/90295229/,VIDSTRUP,"Rug, low pile, dark yellow",http://www.ikea.com/us/en/images/products/vidstrup-rug-low-pile-yellow__0307412_PE427571_S4.JPG,119.00,Living room,90295229
http://www.ikea.com/us/en/catalog/products/10287370/,VIDSTRUP,"Rug, low pile, blue",http://www.ikea.com/us/en/images/products/vidstrup-rug-low-pile-blue__0306675_PE427157_S4.JPG,79.99,Living room,10287370
http://www.ikea.com/us/en/catalog/products/40259484/,VIFT,"Scented block candle, blue Sweet blueberries, blue",http://www.ikea.com/us/en/images/products/vift-scented-block-candle-blue__0270429_PE415612_S4.JPG,4.99,Decoration,40259484
http://www.ikea.com/us/en/catalog/products/60259483/,VIFT,"Scented block candle, brown Sweet cocoa, brown",http://www.ikea.com/us/en/images/products/vift-scented-block-candle-brown__0270431_PE415611_S4.JPG,4.99,Decoration,60259483
http://www.ikea.com/us/en/catalog/products/20261732/,VIGDIS,"Cushion cover, beige",http://www.ikea.com/us/en/images/products/vigdis-cushion-cover-beige__0241409_PE381369_S4.JPG,7.00,Living room,20261732
http://www.ikea.com/us/en/catalog/products/40259064/,VIGDIS,"Cushion cover, white",http://www.ikea.com/us/en/images/products/vigdis-cushion-cover-white__0241415_PE381374_S4.JPG,7.00,Living room,40259064
http://www.ikea.com/us/en/catalog/products/60274006/,VIGDIS,"Cushion cover, green",http://www.ikea.com/us/en/images/products/vigdis-cushion-cover-green__0241414_PE381373_S4.JPG,7.00,Living room,60274006
http://www.ikea.com/us/en/catalog/products/70317029/,VIGDIS,"Cushion cover, blue",http://www.ikea.com/us/en/images/products/vigdis-cushion-cover-blue__0376236_PE553745_S4.JPG,7.00,Living room,70317029
http://www.ikea.com/us/en/catalog/products/30320137/,VIGDIS,"Cushion cover, dark gray",http://www.ikea.com/us/en/images/products/vigdis-cushion-cover-gray__0376234_PE553747_S4.JPG,7.00,Living room,30320137
http://www.ikea.com/us/en/catalog/products/50251388/,VIKARE,"Guard rail, white",http://www.ikea.com/us/en/images/products/vikare-guard-rail-white__0251051_PE389673_S4.JPG,12.00,Children's IKEA,50251388
http://www.ikea.com/us/en/catalog/products/80154550/,VIKIS,"Alarm clock, white",http://www.ikea.com/us/en/images/products/vikis-alarm-clock-white__0102012_PE246293_S4.JPG,8.99,Decoration,80154550
http://www.ikea.com/us/en/catalog/products/60199620/,VIKT,LED wall lamp,http://www.ikea.com/us/en/images/products/vikt-led-wall-lamp__0132872_PE287808_S4.JPG,39.99,Living room,60199620
http://www.ikea.com/us/en/catalog/products/00297553/,VILBORG,"Curtains, 1 pair, beige         49.99",http://www.ikea.com/us/en/images/products/vilborg-curtains-pair-beige__0205041_PE360062_S4.JPG,39.99,Living room,00297553
http://www.ikea.com/us/en/catalog/products/20301323/,VILBORG,"Curtains, 1 pair, light gray         49.99",http://www.ikea.com/us/en/images/products/vilborg-curtains-pair-gray__0379738_PE556464_S4.JPG,39.99,Living room,20301323
http://www.ikea.com/us/en/catalog/products/90321049/,VILBORG,"Curtains, 1 pair, green",http://www.ikea.com/us/en/images/products/vilborg-curtains-pair-green__0388193_PE558986_S4.JPG,39.99,Living room,90321049
http://www.ikea.com/us/en/catalog/products/00236277/,VILLIG,"Scented candle with 3 wicks, white Soft blossom, white",http://www.ikea.com/us/en/images/products/villig-scented-candle-with-wicks-white__0153875_PE312311_S4.JPG,9.99,Decoration,00236277
http://www.ikea.com/us/en/catalog/products/S49011530/,VILMAR,"Chair, orange, chrome plated",http://www.ikea.com/us/en/images/products/vilmar-chair-orange__0259513_PE403158_S4.JPG,39.00,Dining,49011530
http://www.ikea.com/us/en/catalog/products/S79889750/,VILMAR,"Chair, brown-black, chrome plated",http://www.ikea.com/us/en/images/products/vilmar-chair-black__0125493_PE283073_S4.JPG,39.00,Office furniture,79889750
http://www.ikea.com/us/en/catalog/products/20150946/,VILSHULT,"Picture, Amsterdam",http://www.ikea.com/us/en/images/products/vilshult-picture__0090396_PE224180_S4.JPG,49.99,Decoration,20150946
http://www.ikea.com/us/en/catalog/products/90315623/,VILSHULT,"Picture, bronze beach",http://www.ikea.com/us/en/images/products/vilshult-picture__0368433_PE556444_S4.JPG,49.99,Decoration,90315623
http://www.ikea.com/us/en/catalog/products/10305289/,VIMMERN,"Kitchen faucet with handspray, stainless steel color",http://www.ikea.com/us/en/images/products/vimmern-kitchen-faucet-with-handspray-gray__0375260_PE555034_S4.JPG,229.00,Kitchen & appliances,10305289
http://www.ikea.com/us/en/catalog/products/50285779/,VINDRUVA,"Greenhouse, set of 3, indoor/outdoor",http://www.ikea.com/us/en/images/products/vindruva-greenhouse-set-of-__0331151_PE523046_S4.JPG,9.99,Outdoor,50285779
http://www.ikea.com/us/en/catalog/products/20116698/,VINNA,"Handle, stainless steel",http://www.ikea.com/us/en/images/products/vinna-handle__73613_PE190380_S4.JPG,9.99,Living room,20116698
http://www.ikea.com/us/en/catalog/products/00229781/,VINRANKA,"Duvet cover and pillowsham(s), gray         59.99",http://www.ikea.com/us/en/images/products/vinranka-duvet-cover-and-pillowsham-s-gray__0409490_PE569787_S4.JPG,49.99,Bedroom,00229781
http://www.ikea.com/us/en/catalog/products/20229780/,VINRANKA,"Duvet cover and pillowsham(s), lilac         59.99",http://www.ikea.com/us/en/images/products/vinranka-duvet-cover-and-pillowsham-s-lilac__0409528_PE569825_S4.JPG,49.99,Bedroom,20229780
http://www.ikea.com/us/en/catalog/products/80229782/,VINRANKA,"Duvet cover and pillowsham(s), brown         59.99",http://www.ikea.com/us/en/images/products/vinranka-duvet-cover-and-pillowsham-s-brown__0409493_PE569790_S4.JPG,49.99,Bedroom,80229782
http://www.ikea.com/us/en/catalog/products/10308103/,VINTERBÄR,"Fabric, white/black",http://www.ikea.com/us/en/images/products/vinterbar-fabric-assorted-colors__0372160_PE552142_S4.JPG,5.99,Living room,10308103
http://www.ikea.com/us/en/catalog/products/00306939/,VIPPARP,"Wall lamp, 3-spots, bronze color",http://www.ikea.com/us/en/images/products/vipparp-wall-lamp-spots-yellow__0367625_PE549438_S4.JPG,39.99,Living room,00306939
http://www.ikea.com/us/en/catalog/products/20306938/,VIPPARP,"Wall lamp, 4-spots, bronze color",http://www.ikea.com/us/en/images/products/vipparp-wall-lamp-spots-yellow__0367761_PE549427_S4.JPG,49.99,Living room,20306938
http://www.ikea.com/us/en/catalog/products/80305912/,VIRSERUM,"Frame, gold",http://www.ikea.com/us/en/images/products/virserum-frame-yellow__0202748_PE359075_S4.JPG,9.99,Decoration,80305912
http://www.ikea.com/us/en/catalog/products/40306739/,VISIONÄR,"Decoration, set of 2, cerise",http://www.ikea.com/us/en/images/products/visionar-decoration-set-of-red__0313114_PE515331_S4.JPG,3.99,Decoration,40306739
http://www.ikea.com/us/en/catalog/products/50306734/,VISIONÄR,"Decoration, set of 2, light blue",http://www.ikea.com/us/en/images/products/visionar-decoration-set-of-blue__0313115_PE515332_S4.JPG,3.99,Decoration,50306734
http://www.ikea.com/us/en/catalog/products/20306735/,VISIONÄR,"Decoration, dark gray",http://www.ikea.com/us/en/images/products/visionar-decoration-gray__0313119_PE515336_S4.JPG,9.99,Decoration,20306735
http://www.ikea.com/us/en/catalog/products/60306738/,VISIONÄR,"Decoration, light green",http://www.ikea.com/us/en/images/products/visionar-decoration-green__0313117_PE515334_S4.JPG,9.99,Decoration,60306738
http://www.ikea.com/us/en/catalog/products/80306737/,VISIONÄR,"Decoration, light gray",http://www.ikea.com/us/en/images/products/visionar-decoration-gray__0313116_PE515333_S4.JPG,9.99,Decoration,80306737
http://www.ikea.com/us/en/catalog/products/00251098/,VISIONÄR,"Gift wrap decoration, set of 8, assorted colors",http://www.ikea.com/us/en/images/products/visionar-gift-wrap-decoration-set-of-assorted-colors__0210908_PE364664_S4.JPG,2.99,Decoration,00251098
http://www.ikea.com/us/en/catalog/products/20306740/,VISIONÄR,"Gift wrap decoration, set of 8, gray, white",http://www.ikea.com/us/en/images/products/visionar-gift-wrap-decoration-set-of-gray__0313120_PE515337_S4.JPG,2.99,Decoration,20306740
http://www.ikea.com/us/en/catalog/products/10306726/,VISIONÄR,"Hanging decoration, white",http://www.ikea.com/us/en/images/products/visionar-hanging-decoration-white__0313158_PE515315_S4.JPG,4.99,Decoration,10306726
http://www.ikea.com/us/en/catalog/products/10306731/,VISIONÄR,"Hanging decoration, cerise",http://www.ikea.com/us/en/images/products/visionar-hanging-decoration-red__0313169_PE515321_S4.JPG,6.99,Decoration,10306731
http://www.ikea.com/us/en/catalog/products/30306725/,VISIONÄR,"Hanging decoration, white",http://www.ikea.com/us/en/images/products/visionar-hanging-decoration-white__0313151_PE515309_S4.JPG,3.99,Decoration,30306725
http://www.ikea.com/us/en/catalog/products/30306730/,VISIONÄR,"Hanging decoration, light green",http://www.ikea.com/us/en/images/products/visionar-hanging-decoration-green__0313189_PE515323_S4.JPG,6.99,Decoration,30306730
http://www.ikea.com/us/en/catalog/products/70306728/,VISIONÄR,"Hanging decoration, cerise",http://www.ikea.com/us/en/images/products/visionar-hanging-decoration-red__0313145_PE515305_S4.JPG,2.99,Decoration,70306728
http://www.ikea.com/us/en/catalog/products/70306733/,VISIONÄR,"Hanging decoration, pink light green",http://www.ikea.com/us/en/images/products/visionar-hanging-decoration-pink__0389430_PE559206_S4.JPG,4.99,Decoration,70306733
http://www.ikea.com/us/en/catalog/products/90306727/,VISIONÄR,"Hanging decoration, light blue",http://www.ikea.com/us/en/images/products/visionar-hanging-decoration-blue__0313149_PE515307_S4.JPG,2.99,Decoration,90306727
http://www.ikea.com/us/en/catalog/products/90306732/,VISIONÄR,"Hanging decoration, white",http://www.ikea.com/us/en/images/products/visionar-hanging-decoration-white__0313165_PE515319_S4.JPG,4.99,Decoration,90306732
http://www.ikea.com/us/en/catalog/products/60257525/,VISPAD,"Colander, white",http://www.ikea.com/us/en/images/products/vispad-colander-white__0377457_PE554548_S4.JPG,2.99,Cooking,60257525
http://www.ikea.com/us/en/catalog/products/50257521/,VISPAD,"Mixing bowl, set of 2, turquoise",http://www.ikea.com/us/en/images/products/vispad-mixing-bowl-set-of-turquoise__0377465_PE554546_S4.JPG,5.99,Cooking,50257521
http://www.ikea.com/us/en/catalog/products/90257519/,VISPAD,"Mixing bowl, set of 2, white",http://www.ikea.com/us/en/images/products/vispad-mixing-bowl-set-of-white__0377470_PE554545_S4.JPG,5.99,Cooking,90257519
http://www.ikea.com/us/en/catalog/products/90257524/,VISPAD,"Mixing bowl, set of 2, pink",http://www.ikea.com/us/en/images/products/vispad-mixing-bowl-set-of-pink__0377464_PE554547_S4.JPG,5.99,Cooking,90257524
http://www.ikea.com/us/en/catalog/products/30243790/,VISSLA,Bench pad,http://www.ikea.com/us/en/images/products/vissla-bench-pad__0176758_PE329550_S4.JPG,14.99,Children's IKEA,30243790
http://www.ikea.com/us/en/catalog/products/00314005/,VITAHULT,Wireless charging cover i4,http://www.ikea.com/us/en/images/products/vitahult-wireless-charging-cover-i-__0376848_PE554259_S4.JPG,20.00,Wireless charging,00314005
http://www.ikea.com/us/en/catalog/products/60342128/,VITAHULT,"Wireless charging cover i5/5S, black",http://www.ikea.com/us/en/images/products/vitahult-wireless-charging-cover-i-s-black__0449289_PE598771_S4.JPG,25.00,Wireless charging,60342128
http://www.ikea.com/us/en/catalog/products/80314006/,VITAHULT,Wireless charging cover i5/5S,http://www.ikea.com/us/en/images/products/vitahult-wireless-charging-cover-i-s__0377239_PE554258_S4.JPG,25.00,Wireless charging,80314006
http://www.ikea.com/us/en/catalog/products/20342130/,VITAHULT,"Wireless charging cover i6, black",http://www.ikea.com/us/en/images/products/vitahult-wireless-charging-cover-i-black__0447478_PE598773_S4.JPG,25.00,Wireless charging,20342130
http://www.ikea.com/us/en/catalog/products/60314007/,VITAHULT,Wireless charging cover i6,http://www.ikea.com/us/en/images/products/vitahult-wireless-charging-cover-i-__0377317_PE554257_S4.JPG,25.00,Wireless charging,60314007
http://www.ikea.com/us/en/catalog/products/70314002/,VITAHULT,Wireless charging cover S3,http://www.ikea.com/us/en/images/products/vitahult-wireless-charging-cover-s-__0377369_PE554255_S4.JPG,15.00,Wireless charging,70314002
http://www.ikea.com/us/en/catalog/products/50314003/,VITAHULT,Wireless charging cover S4,http://www.ikea.com/us/en/images/products/vitahult-wireless-charging-cover-s-__0377376_PE554254_S4.JPG,15.00,Wireless charging,50314003
http://www.ikea.com/us/en/catalog/products/30314004/,VITAHULT,Wireless charging cover S5,http://www.ikea.com/us/en/images/products/vitahult-wireless-charging-cover-s-__0377336_PE554256_S4.JPG,15.00,Wireless charging,30314004
http://www.ikea.com/us/en/catalog/products/40163288/,VITAMINER HJÄRTA,"Duvet cover and pillowcase(s), multicolor",http://www.ikea.com/us/en/images/products/vitaminer-hjarta-duvet-cover-and-pillowcase-s-assorted-colors__0095491_PE234255_S4.JPG,19.99,Children's IKEA,40163288
http://www.ikea.com/us/en/catalog/products/30238741/,VITEMÖLLA,"Ceiling/wall lamp, ceramic stoneware porcelain, glass",http://www.ikea.com/us/en/images/products/vitemolla-ceiling-wall-lamp__0210392_PE363806_S4.JPG,17.99,Living room,30238741
http://www.ikea.com/us/en/catalog/products/30246029/,VITEMÖLLA,"Ceiling lamp, metal, glass",http://www.ikea.com/us/en/images/products/vitemolla-ceiling-lamp__0210389_PE363802_S4.JPG,39.99,Living room,30246029
http://www.ikea.com/us/en/catalog/products/70238782/,VITEMÖLLA,"Triple ceiling spotlight, metal",http://www.ikea.com/us/en/images/products/vitemolla-triple-ceiling-spotlight__0270891_PE412624_S4.JPG,59.99,Living room,70238782
http://www.ikea.com/us/en/catalog/products/10238761/,VITEMÖLLA,"Wall lamp, metal, glass",http://www.ikea.com/us/en/images/products/vitemolla-wall-lamp__0242271_PE381777_S4.JPG,19.99,Living room,10238761
http://www.ikea.com/us/en/catalog/products/20238746/,VITEMÖLLA,"Wall lamp, ceramic stoneware porcelain, glass",http://www.ikea.com/us/en/images/products/vitemolla-wall-lamp__0252604_PE391320_S4.JPG,24.99,Living room,20238746
http://www.ikea.com/us/en/catalog/products/30264037/,VITFJÄRIL,"Cushion cover, white",http://www.ikea.com/us/en/images/products/vitfjaril-cushion-cover-white__0243325_PE382637_S4.JPG,11.00,Living room,30264037
http://www.ikea.com/us/en/catalog/products/60084921/,VITTEN,"Rug, high pile, white handmade white",http://www.ikea.com/us/en/images/products/vitten-rug-high-pile-white__46263_PE139489_S4.JPG,199.00,Living room,60084921
http://www.ikea.com/us/en/catalog/products/50303434/,VITTSJÖ,"TV unit, white, glass",http://www.ikea.com/us/en/images/products/vittsjo-tv-unit-white__0324653_PE517057_S4.JPG,49.00,Living room,50303434
http://www.ikea.com/us/en/catalog/products/10297557/,VIVAN,"Curtains, 1 pair, beige",http://www.ikea.com/us/en/images/products/vivan-curtains-pair-beige__0286123_PE423038_S4.JPG,9.99,Living room,10297557
http://www.ikea.com/us/en/catalog/products/30297561/,VIVAN,"Curtains, 1 pair, gray",http://www.ikea.com/us/en/images/products/vivan-curtains-pair-gray__0311528_PE429408_S4.JPG,9.99,Living room,30297561
http://www.ikea.com/us/en/catalog/products/60297569/,VIVAN,"Curtains, 1 pair, white",http://www.ikea.com/us/en/images/products/vivan-curtains-pair-white__0286349_PE423089_S4.JPG,9.99,Living room,60297569
http://www.ikea.com/us/en/catalog/products/70297559/,VIVAN,"Curtains, 1 pair, black",http://www.ikea.com/us/en/images/products/vivan-curtains-pair-black__0286127_PE423034_S4.JPG,9.99,Living room,70297559
http://www.ikea.com/us/en/catalog/products/20317404/,VIVAN,"Curtains, 1 pair, light blue",http://www.ikea.com/us/en/images/products/vivan-curtains-pair-blue__0369302_PE549819_S4.JPG,9.99,Living room,20317404
http://www.ikea.com/us/en/catalog/products/00317400/,VIVAN,"Curtains, 1 pair, pale pink",http://www.ikea.com/us/en/images/products/vivan-curtains-pair__0369304_PE549818_S4.JPG,9.99,Living room,00317400
http://www.ikea.com/us/en/catalog/products/60292920/,VOLMAR,"Headrest, Mjuk black",http://www.ikea.com/us/en/images/products/volmar-headrest-black__0115176_PE268393_S4.JPG,30.00,Office furniture,60292920
http://www.ikea.com/us/en/catalog/products/10173811/,VOLMAR,"Pair of armrests, black",http://www.ikea.com/us/en/images/products/volmar-pair-of-armrests-black__0113412_PE265614_S4.JPG,20.00,Office furniture,10173811
http://www.ikea.com/us/en/catalog/products/S69137246/,VOLMAR,"Swivel chair with armrests, black",http://www.ikea.com/us/en/images/products/volmar-swivel-chair-with-armrests-black__0397748_PE570351_S4.JPG,209.00,Office furniture,69137246
http://www.ikea.com/us/en/catalog/products/S19031737/,VOLMAR,"Swivel chair with headrest/armrests, Mjuk black",http://www.ikea.com/us/en/images/products/volmar-swivel-chair-with-headrest-armrests-black__0133029_PE288094_S4.JPG,279.00,Office furniture,19031737
http://www.ikea.com/us/en/catalog/products/S09031733/,VOLMAR,"Swivel chair with headrest, Mjuk black",http://www.ikea.com/us/en/images/products/volmar-swivel-chair-with-headrest-black__0133017_PE288081_S4.JPG,259.00,Office furniture,09031733
http://www.ikea.com/us/en/catalog/products/29291800/,VOLYM,Steel vacuum flask,http://www.ikea.com/us/en/images/products/volym-steel-vacuum-flask__25654_PE094765_S4.JPG,14.99,Eating,29291800
http://www.ikea.com/us/en/catalog/products/30055760/,VURM,"4-bottle wine rack, stainless steel",http://www.ikea.com/us/en/images/products/vurm-bottle-wine-rack__0116910_PE140594_S4.JPG,12.99,Small storage,30055760
