http://www.ikea.com/us/en/catalog/products/10230562/,YDBY,"Door mat, black indoor/outdoor black",http://www.ikea.com/us/en/images/products/ydby-door-mat-black__0150358_PE308501_S4.JPG,14.99,Outdoor,10230562
http://www.ikea.com/us/en/catalog/products/90299411/,YDDINGEN,"High cabinet, white",http://www.ikea.com/us/en/images/products/yddingen-high-cabinet-white__0364835_PE548299_S4.JPG,230.00,Bathroom,90299411
http://www.ikea.com/us/en/catalog/products/40299418/,YDDINGEN,"Sink, 1 bowl, white",http://www.ikea.com/us/en/images/products/yddingen-sink-bowl-white__0380624_PE556372_S4.JPG,100.00,Bathroom,40299418
http://www.ikea.com/us/en/catalog/products/00304718/,YDDINGEN,"Sink, 1 bowl, white",http://www.ikea.com/us/en/images/products/yddingen-sink-bowl-white__0380623_PE556371_S4.JPG,90.00,Bathroom,00304718
http://www.ikea.com/us/en/catalog/products/50299413/,YDDINGEN,"Sink cabinet, white",http://www.ikea.com/us/en/images/products/yddingen-sink-cabinet-white__0364965_PE548305_S4.JPG,199.00,Bathroom,50299413
http://www.ikea.com/us/en/catalog/products/50300671/,YDDINGEN,"Sink cabinet, white",http://www.ikea.com/us/en/images/products/yddingen-sink-cabinet-white__0364962_PE548304_S4.JPG,159.00,Bathroom,50300671
http://www.ikea.com/us/en/catalog/products/S69119558/,YDDINGEN,"Sink cabinet with 2 drawers/1 door, white",http://www.ikea.com/us/en/images/products/yddingen-sink-cabinet-with-drawers-door-white__0368032_PE549464_S4.JPG,299.00,Bathroom,69119558
http://www.ikea.com/us/en/catalog/products/S49119564/,YDDINGEN,"Sink cabinet with 2 drawers, white",http://www.ikea.com/us/en/images/products/yddingen-sink-cabinet-with-drawers-white__0368027_PE549467_S4.JPG,249.00,Bathroom,49119564
http://www.ikea.com/us/en/catalog/products/60258884/,YRJA,"Table-runner, red, light pink orange",http://www.ikea.com/us/en/images/products/yrja-table-runner-pink__0328891_PE520639_S4.JPG,9.99,Textiles & Rugs,60258884
http://www.ikea.com/us/en/catalog/products/60305946/,YTTRAN,"Kitchen faucet, chrome plated",http://www.ikea.com/us/en/images/products/yttran-kitchen-faucet__0374102_PE555041_S4.JPG,49.99,Kitchen & appliances,60305946
http://www.ikea.com/us/en/catalog/products/60305951/,YTTRAN,"Kitchen faucet with pull-out spout, chrome plated",http://www.ikea.com/us/en/images/products/yttran-kitchen-faucet-with-pull-out-spout__0374112_PE555039_S4.JPG,79.99,Kitchen & appliances,60305951
http://www.ikea.com/us/en/catalog/products/66804071/,YUCCA ELEPHANTIPES,"Potted plant, Spineless yucca, 3-stem",http://www.ikea.com/us/en/images/products/yucca-elephantipes-potted-plant__67487_PE181327_S4.JPG,19.99,Outdoor,66804071
